name,type,country,website,wikidata
Moscow Zoo,zoo,RU,http://www.moscowzoo.ru/,Q613676
Baku Zoo,zoo,AZ,,Q2452280
Beijing Zoo,zoo,CN,http://www.beijingzoo.com,Q220083
Jardin d'Acclimatation,zoo,FR,https://www.jardindacclimatation.fr,Q3090513
Ueno Zoo,zoo,JP,https://www.tokyo-zoo.net/zoo/ueno/,Q162722
Yerevan Zoo,zoo,AM,https://zoo.am,Q3108672
California Academy of Sciences,aquarium,US,https://www.calacademy.org,Q965731
Kyiv Zoo,zoo,UA,https://zoo.kyiv.ua,Q2459274
Aquarium Barcelona,aquarium,ES,http://www.aquariumbcn.com,Q1200948
Okinawa Churaumi Aquarium,aquarium,JP,https://churaumi.okinawa/,Q1445750
Leningrad Zoo,zoo,RU,http://www.spbzoo.ru/,Q1149264
Harewood House,zoo,GB,https://harewood.org/,Q1585312
Osaka Aquarium Kaiyukan,aquarium,JP,https://www.kaiyukan.com/language/thai/,Q1191885
Castle Clinton,aquarium,US,,Q1049423
Jigokudani Monkey Park,zoo,JP,https://jigokudani-yaenkoen.co.jp/,Q5302436
Karagandy Zoo,zoo,KZ,,Q290283
Kuala Lumpur Bird Park,zoo,MY,https://www.klbirdpark.com/,Q2660049
Ozeaneum,aquarium,DE,https://www.ozeaneum.de/,Q525190
Six Flags Great Adventure,zoo,US,https://www.sixflags.com/greatadventure,Q1064760
Tbilisi Zoo,zoo,GE,http://www.zoo.ge/index.php?lang=eng,Q4453139
Ragunan Zoo,zoo,ID,https://ragunanzoo.jakarta.go.id/,Q2713110
Korea Central Zoo,zoo,KP,http://www.kza.org.kp/,Q708915
Aquaria KLCC,aquarium,MY,http://www.aquariaklcc.com/,Q29168
Kaliningrad Zoo,zoo,RU,http://kldzoo.ru/,Q1193386
Kabul Zoo,zoo,AF,,Q833625
Belgrade Zoo,zoo,RS,http://www.beozoovrt.rs/,Q625610
Taipei Zoo,zoo,TW,https://www.zoo.gov.taipei,Q591131
Minsk Zoo,zoo,BY,http://minskzoo.by/,Q2376115
Skopje Zoo,zoo,MK,https://www.zooskopje.com.mk/,Q3133681
National Zoo of Malaysia,zoo,MY,http://www.zoonegaramalaysia.my,Q1142942
Dusit Zoo,zoo,TH,,Q1267646
Odesa Zoo,zoo,UA,,Q1974519
Shanghai Zoo,zoo,CN,,Q3182046
Stazione Zoologica Anton Dohrn,zoo,IT,http://www.szn.it/index.php/it/,Q220221
National Zoological Garden of South Africa,zoo,ZA,https://www.pretoriazoo.org/,Q1139958
Bangladesh National Zoo,zoo,BD,http://www.dhakazoo.org/,Q3350326
Chengdu Research Base of Giant Panda Breeding,zoo,CN,https://www.panda.org.cn/,Q1067861
Giza Zoo,zoo,EG,http://www.gizazoo-eg.com/,Q2509245
Novosibirsk Zoo,zoo,RU,http://www.zoonovosib.ru/,Q4325472
Chiang Mai Zoo,zoo,TH,http://www.chiangmaizoo.com/,Q3034913
Saigon Zoo and Botanical Gardens,zoo,VN,,Q3162430
Aquarium of Rhodes,aquarium,GR,http://rhodes-aquarium.hcmr.gr/,Q31833
Baghdad Zoo,zoo,IQ,http://www.baghdadzoo.org,Q2349688
Asahiyama Zoo,zoo,JP,https://www.city.asahikawa.hokkaido.jp/asahiyamazoo/,Q993926
Polar Park,zoo,NO,https://polarpark.no/,Q1779978
Two Oceans Aquarium,aquarium,ZA,https://www.aquarium.co.za/,Q1783786
Adelaide Zoo,zoo,AU,http://www.adelaidezoo.com.au/,Q3244627
Cretaquarium,aquarium,GR,http://www.cretaquarium.gr,Q31529
Guyana Zoo,zoo,GY,,Q1557640
Ramat Gan Safari,zoo,IL,http://www.safari.co.il/,Q2343219
Tama Zoological Park,zoo,JP,https://www.tokyo-zoo.net/zoo/tama/,Q1413736
Tennōji Zoo,zoo,JP,https://www.tennojizoo.jp/,Q1054648
Pinnawala Elephant Orphanage,zoo,LK,http://nationalzoo.gov.lk/elephantorphanage/,Q2672104
Yangon Zoological Gardens,zoo,MM,,Q1136334
Melaka Zoo and Bird Park,zoo,MY,,Q4802284
Polaria,aquarium,NO,http://www.polaria.no/,Q28888
Kathmandu Zoo,zoo,NP,https://ntnc.org.np/project/central-zoo,Q220043
Zoo Băneasa,zoo,RO,http://www.zoobucuresti.com/,Q927893
Moskvarium,aquarium,RU,http://www.moskvarium.ru/,Q21641834
Dubai Zoo,zoo,AE,,Q5310637
Buenos Aires Zoo,zoo,AR,,Q134617498
Museu Paraense Emílio Goeldi,aquarium,BR,https://www.gov.br/museugoeldi/pt-br/,Q3328425
Hong Kong Zoological and Botanical Gardens,zoo,CN,https://www.hkzbg.gov.hk/,Q220207
Zhuhai Chimelong Ocean Kingdom,aquarium,CN,http://zh.chimelong.com/oceankingdom/,Q16258099
Lüneburg Heath Wildlife Park,zoo,DE,https://wild-park.de/,Q869894
Alexandria Zoo,zoo,EG,,Q2392126
Palmitos Park,aquarium,ES,https://www.palmitospark.es/,Q910282
Surabaya Zoo,zoo,ID,https://www.surabayazoo.co.id/,Q4250220
Padmaja Naidu Himalayan Zoological Park,zoo,IN,http://pnhzp.gov.in,Q3495905
Nogeyama Zoo,zoo,JP,https://www.hama-midorinokyokai.or.jp/zoo/nogeyama/,Q861318
Toba Aquarium,aquarium,JP,https://aquarium.co.jp/,Q1073067
COEX Aquarium,aquarium,KR,http://www.coexaqua.com,Q485236
Safari World,zoo,TH,http://www.safariworld.com/,Q2033070
Butterfly World,zoo,US,http://www.butterflyworld.com/,Q1867975
Waikiki Aquarium,aquarium,US,http://www.waikikiaquarium.org/,Q2891869
Varna Aquarium,aquarium,BG,http://www.aquariumvarna.com,Q3657749
Taman Safari Indonesia,zoo,ID,https://tamansafari.com/,Q7680645
Alipore Zoological Gardens,zoo,IN,http://www.kolkatazoo.in/,Q3346440
National Zoological Park Delhi,zoo,IN,http://www.nzpnewdelhi.gov.in/,Q3364809
Higashiyama Zoo and Botanical Gardens,zoo,JP,https://www.higashiyama.city.nagoya.jp/,Q3295344
Rabat Zoo,zoo,MA,http://rabatzoo.ma/,Q28496300
Botanical and Zoological Garden of Tsimbazaza,zoo,MG,http://pbzt.recherches.gov.mg,Q7849674
Chapultepec Zoo,zoo,MX,https://www.chapultepec.org.mx/actividad/alfonso-herrera-chapultepec-zoo/?lang=en,Q3375717
Xcaret,zoo,MX,http://www.xcaret.com/,Q3570845
Manila Ocean Park,zoo,PH,http://www.manilaoceanpark.com,Q28980
Karachi Zoo,zoo,PK,http://www.karachizoo.pk,Q7569286
Kazan Zoo & Botanical Garden,zoo,RU,,Q2034194
Elephant Nature Park,zoo,TH,http://www.elephantnaturepark.org,Q5359345
National Museum of Marine Biology and Aquarium,aquarium,TW,http://www.nmmba.gov.tw/english/index.aspx,Q697507
Alaska Zoo,zoo,US,http://www.alaskazoo.org,Q847845
Johannesburg Zoo,zoo,ZA,https://www.jhbcityparksandzoo.com/services-facilities/zoo/about,Q5493235
Tirana Zoo,zoo,AL,http://www.visit-tirana.com/things-to-do/nature/83/tirana-zoo,Q3302134
São Paulo Zoo,zoo,BR,https://www.zoologico.com.br/,Q3364798
Grodno Zoo,zoo,BY,http://www.grodnozoo.by,Q3918688
Belize Zoo,zoo,BZ,http://www.belizezoo.org,Q260740
Palma Aquarium,aquarium,ES,http://entradas.palmaaquarium.com,Q1656431
Zoolandia,zoo,FI,https://www.zoolandia.fi/,Q2336198
Bali Bird Park,zoo,ID,http://www.bali-bird-park.com,Q16744229
Assam State Zoo cum Botanical Garden,zoo,IN,http://www.cza.nic.in/,Q3276955
Jijamata Udyaan,zoo,IN,,Q647766
Nehru Zoological Park,zoo,IN,http://www.hyderabadzoo.in,Q3493970
Rajiv Gandhi Zoological Park,zoo,IN,http://www.punezoo.gov.in,Q2723997
Civic Aquarium of Milan,aquarium,IT,https://www.acquariodimilano.it/,Q3604681
Iwatayama Monkey Park,zoo,JP,http://www.monkeypark.jp/,Q15229013
Kyoto City Zoo,zoo,JP,https://www5.city.kyoto.jp/zoo/,Q6452176
Lake Biwa Museum,aquarium,JP,https://www.biwahaku.jp/english/,Q11564667
Port of Nagoya Public Aquarium,aquarium,JP,https://nagoyaaqua.jp/,Q7231211
Tokyo Sea Life Park,aquarium,JP,https://www.tokyo-zoo.net/zoo/kasai/,Q4925165
Yokohama Hakkeijima Sea Paradise,aquarium,JP,https://www.seaparadise.co.jp/,Q863153
Bitola Zoo,zoo,MK,http://www.zoobitola.mk/,Q158859
Naypyidaw Zoological Gardens,zoo,MM,,Q862533
Yadanabon Zoological Gardens,zoo,MM,,Q8046515
Malta National Aquarium,aquarium,MT,https://www.aquarium.com.mt/,Q97126855
Johor Zoo,zoo,MY,https://zootiket.johor.gov.my/,Q28219616
Manila Zoological and Botanical Garden,zoo,PH,,Q2307982
Qalqilya Zoo,zoo,PS,http://qnzoo.ps/,Q2891853
Palić Zoo,zoo,RS,http://www.zoopalic.co.rs,Q716788
ZOO Stropkov,zoo,SK,http://www.zoostropkov.sk,Q3077125
Khao Kheow Open Zoo,zoo,TH,http://www.kkopenzoo.com/,Q3576017
Leofoo Village Theme Park,zoo,TW,http://www.leofoo.com.tw/village/,Q3229621
Kharkiv Zoo,zoo,UA,https://zoo.kharkiv.ua,Q4496313
Parque das Aves,zoo,BR,http://www.parquedasaves.com.br,Q1894779
Mvog-Betsi Zoo,zoo,CM,,Q6356988
Siberian Tiger Park,zoo,CN,http://www.dongbeihulinyuan.com/,Q3959995
Tierpark Cottbus,zoo,DE,http://www.tierparkcottbus.de,Q1395827
Aquarium Finisterrae,aquarium,ES,https://www.coruna.gal/mc2/gl/aquarium-finisterrae,Q3398288
Mundomar,aquarium,ES,http://www.mundomar.es/?lang=en,Q5408775
Parc Phœnix,zoo,FR,https://www.parc-phoenix.org/,Q3363889
Israel aquarium,aquarium,IL,https://www.israel-aquarium.org.il/english,Q30321431
Indira Gandhi Zoological Park,zoo,IN,,Q6025038
Nandankanan Zoological Park,zoo,IN,http://www.nandankanan.org/,Q2275145
Hirakata Park,zoo,JP,https://www.hirakatapark.co.jp/,Q302897
Izu Shaboten Zoo,zoo,JP,https://izushaboten.com/lang/index_simplified.html,Q11380531
Kamogawa Sea World,aquarium,JP,https://www.kamogawa-seaworld.jp/,Q553044
Kyoto Aquarium,aquarium,JP,https://www.kyoto-aquarium.com/,Q11375621
Miyagi Zao Fox Village,zoo,JP,http://zao-fox-village.com/,Q11454001
Oita Marine Palace Aquarium,aquarium,JP,https://www.umitamago.jp/index-tc/,Q11432633
Zoorasia,zoo,JP,https://www.hama-midorinokyokai.or.jp/zoo/zoorasia/,Q3576063
Shymkent Zoo,zoo,KZ,,Q1046034
National Zoological Gardens of Sri Lanka,zoo,LK,http://www.colombozoo.gov.lk,Q1144452
Chișinău Zoo,zoo,MD,,Q4222665
Kuala Lumpur Butterfly Park,zoo,MY,http://klbutterflypark.com/,Q6440990
Lahore Zoo,zoo,PK,http://www.lahorezoo.com.pk/,Q3695337
Marine Life Park,zoo,SG,http://www.rwsentosa.com/language/en-US/Attractions/MarineLifePark,Q3082977
Pata Zoo,zoo,TH,,Q13022377
Dushanbe Zoo,zoo,TJ,,Q5316871
Friguia Park,zoo,TN,,Q3087852
Parc du Belvédère,zoo,TN,,Q3364339
Busch Gardens Williamsburg,zoo,US,https://buschgardens.com/williamsburg/,Q2928695
Six Flags Discovery Kingdom,zoo,US,https://www.sixflags.com/discoverykingdom,Q2001885
Tashkent Zoo,zoo,UZ,http://tashkentzoo.uz/,Q4167605
Parque Zoológico Caricuao,zoo,VE,http://www.minec.gob.ve/el-parque-recreacional-zoologico-de-caricuao-arriba-a-42-anos/,Q7139676
Birds of Eden,zoo,ZA,http://www.birdsofeden.co.za,Q4916093
Dubai Aquarium and Underwater Zoo,aquarium,AE,https://www.thedubaiaquarium.com/,Q4059427
Mar del Plata Museum of the Sea,aquarium,AR,https://gba.gob.ar/museo_mar,Q9047113
Mundo Marino,aquarium,AR,https://www.mundomarino.com.ar/,Q6935857
Schmetterlinghaus,zoo,AT,https://www.schmetterlinghaus.at/,Q1246454
Alice Springs Reptile Centre,zoo,AU,http://www.reptilecentre.com.au,Q2836667
Australian Butterfly Sanctuary,zoo,AU,http://www.australianbutterflies.com,Q4823915
Koala Park Sanctuary,zoo,AU,https://koalapark-sanctuary.com.au/,Q6424208
Monarto Zoo,zoo,AU,https://www.monartozoo.com.au/,Q6898210
Pionirska dolina,zoo,BA,,Q6593348
Boudewijn Seapark,aquarium,BE,http://www.boudewijnseapark.be/fr/,Q2677140
Dobrich Zoo,zoo,BG,,Q20498601
Municipal Zoological Park Quinzinho de Barros,zoo,BR,https://www.sorocaba.sp.gov.br/zoologico/,Q1535754
Chongqing Zoo,zoo,CN,http://www.cqzoo.com/,Q10563866
Hangzhou Zoo,zoo,CN,,Q11102420
Shanghai Ocean Aquarium,aquarium,CN,http://www.sh-soa.com,Q2859205
Tianjin Zoo,zoo,CN,http://www.tjzoo.com.cn,Q4467974
Parque Zoológico Nacional Simón Bolívar,zoo,CR,https://www.fundazoo.org/parque-zool%C3%B3gico-y-jard%C3%ADn-bot%C3%A1nico-nacional-sim%C3%B3n-bol%C3%ADvar,Q6063251
Eifelpark,zoo,DE,https://www.eifelpark.com/,Q1302893
Luisenpark,zoo,DE,https://www.luisenpark.de/,Q202120
Wisentgehege Springe,zoo,DE,http://www.wisentgehege-springe.de/,Q884968
Skandinavisk Dyrepark,zoo,DK,https://skandinaviskdyrepark.dk/,Q3072129
VigoNature,zoo,ES,https://vigonature.es/,Q933612
Maitri Baagh Zoo,zoo,IN,,Q24945533
Sakkarbaug Zoological Garden,zoo,IN,,Q2774335
Sri Venkateswara Zoological Park,zoo,IN,,Q7586332
Thiruvananthapuram Zoo,zoo,IN,https://www.museumandzoo.kerala.gov.in/,Q7785508
Reykjavík Park and Zoo,zoo,IS,,Q1422518
Adventure World,aquarium,JP,https://www.aws-s.com/en/,Q2587322
Fukuoka Municipal Zoo and Botanical Garden,zoo,JP,https://zoo.city.fukuoka.lg.jp/,Q5507695
Hiroshima City Asa Zoological Park,zoo,JP,http://www.asazoo.jp/en/,Q81821
Kagoshima City Aquarium,aquarium,JP,http://ioworld.jp,Q11259022
Kobe Animal Kingdom,zoo,JP,https://www.kobe-oukoku.com/,Q6424313
Kobe Oji Zoo,zoo,JP,http://www.kobe-ojizoo.jp/,Q11590062
Sumida Aquarium,aquarium,JP,https://www.sumida-aquarium.com/,Q8134074
Takasakiyama Natural Zoological Garden,zoo,JP,https://www.takasakiyama.jp/kr/,Q11669751
Giraffe Centre,zoo,KE,http://www.giraffecenter.org,Q5564103
Busan Aquarium,aquarium,KR,https://www.visitsealife.com/busan/en/,Q486310
Avilon Zoo,zoo,PH,http://www.avilonzoo.ph/,Q4828854
Gdynia Aquarium,aquarium,PL,http://www.akwarium.gdynia.pl/,Q623152
Baltic Sea Science Center,aquarium,SE,http://skansen.se,Q66459086
Orsa Grönklitt,zoo,SE,http://www.orsagronklitt.se/,Q1033037
"Underwater World, Singapore",aquarium,SG,http://www.underwaterworld.com.sg/,Q2125883
Paramaribo Zoo,zoo,SR,,Q922908
Chiang Mai Night Safari,zoo,TH,http://www.chiangmainightsafari.com,Q4036104
Sea Life Bangkok Ocean World,aquarium,TH,http://www.siamoceanworld.co.th,Q6636970
Sriracha Tiger Zoo,zoo,TH,http://www.tigerzoo.com/,Q4923810
Cherkasy Zoo,zoo,UA,http://zoocity.ck.ua/,Q10698900
Dolphinarium in Odesa,aquarium,UA,http://www.nemo.od.ua/,Q4331441
Rivne Zoo,zoo,UA,http://zoopark.rv.ua/,Q12149655
El Paso Zoo,zoo,US,http://www.elpasozoo.org,Q5351804
Jungle Island,zoo,US,https://www.jungleisland.com/,Q2897205
Metro Richmond Zoo,zoo,US,http://www.metrorichmondzoo.com,Q6824686
Sea Life Park Hawaii,aquarium,US,http://www.sealifeparkhawaii.com/,Q7439936
Dubai Butterfly Garden,zoo,AE,https://www.dubaibutterflygarden.com,Q110471376
Dubai Dolphinarium,zoo,AE,http://www.dubaidolphinarium.ae,Q2116901
Buenos Aires Eco-Park,zoo,AR,https://www.buenosaires.gob.ar/ecoparque,Q220023
Cairns Aquarium,aquarium,AU,http://www.cairnsaquarium.com.au,Q50822227
Cohunu Koala Park,zoo,AU,,Q4236423
Gorge Wildlife Park,zoo,AU,https://gorgewildlifepark.com.au/,Q2386465
Chittagong Zoo,zoo,BD,,Q18987429
Dulhazra Safari Park,zoo,BD,,Q5313401
Olmen Zoo,zoo,BE,http://www.olmensezoo.be/cms/index.php/nl/,Q1825496
Festa Dolphinarium,aquarium,BG,http://dolphinariumvarna.bg/,Q19850452
Mohamed bin Zayed Nature Reserve,zoo,BH,http://www.alareen.bh,Q4703495
AquaRio,aquarium,BR,http://www.aquariomarinhodorio.com.br/,Q28679974
Rio de Janeiro Zoological Garden,zoo,BR,https://bioparquedorio.com.br/,Q10306230
"Ardastra Gardens, Zoo and Conservation Centre",zoo,BS,http://www.ardastra.com/,Q4025978
Knie's Kinderzoo,zoo,CH,http://www.knieskinderzoo.ch/zoocute/homepage/,Q688446
Chilean National Zoo,zoo,CL,http://www.parquemet.cl,Q5098753
Changsha Ecological Zoo,zoo,CN,http://www.cszoo.com.cn,Q59255587
Nanjing Hongshan Forest Zoo,zoo,CN,http://www.njhszoo.com,Q6963658
Nanjing Underwater World,aquarium,CN,http://www.nuww.com.cn/,Q577921
Bioparque Los Ocarros,zoo,CO,,Q16489723
Zoopark Vyškov,zoo,CZ,http://www.zoo-vyskov.cz/,Q10861328
Eekholt Wildlife Park,zoo,DE,http://www.wildpark-eekholt.de/,Q328819
Kaiserslautern Zoo,zoo,DE,http://www.zoo-kaiserslautern.com/de/249-2/,Q220041
Müritzeum,aquarium,DE,https://www.mueritzeum.de/,Q872955
Tierpark Essehof,zoo,DE,http://tierpark-essehof.de/,Q2803487
Tierpark Zittau,zoo,DE,https://tierpark-zittau.de/home/,Q765055
Alexandria Aquarium,aquarium,EG,https://niof-eg.com/aquarium/,Q31689
Aquarium Grotto Garden,aquarium,EG,,Q6392353
Hurghada Grand Aquarium,aquarium,EG,https://hurghadaaquarium.com/,Q28419476
Marineland Mallorca,zoo,ES,,Q11769978
Sea Life Benalmádena,aquarium,ES,https://www.visitsealife.com/Benalmadena/en/,Q6122741
Kotka Maretarium,aquarium,FI,http://www.maretarium.fi/,Q3538753
Aquarium du palais de la Porte Dorée,aquarium,FR,http://www.aquarium-portedoree.fr,Q2859191
Centre de la mer et des eaux,aquarium,FR,http://www.oceano.org/cme2,Q2945366
Kélonia,aquarium,FR,https://museesreunion.fr/kelonia/,Q259897
Micropolis,zoo,FR,http://www.micropolis-aveyron.com,Q3312270
Museum–aquarium of Nancy,aquarium,FR,http://www.museumaquariumdenancy.eu,Q3330862
Planète Sauvage,zoo,FR,https://www.planetesauvage.com,Q3391624
Monkey World,zoo,GB,https://monkeyworld.org,Q1926331
Kumasi Zoo,zoo,GH,,Q18344049
La Aurora Zoo,zoo,GT,https://www.aurorazoo.org.gt/,Q15241081
Gembira Loka Zoo,zoo,ID,http://www.gembiralokazoo.com,Q13093132
Sea World Indonesia,aquarium,ID,,Q40493
Taman Safari Bali (Bali Safari),zoo,ID,http://www.balisafarimarinepark.com,Q4850846
Bengaluru Aquarium,aquarium,IN,,Q31502
Chhatbir Zoo,zoo,IN,http://chhatbirzoo.gov.in/,Q5087827
Kanpur Zoological Park,zoo,IN,http://www.kanpurzoo.org/zoo.php,Q4731647
Tata Steel Zoological Park,zoo,IN,,Q48725172
Zoosafari Fasanolandia,zoo,IT,http://www.zoosafari.it,Q3576064
Aqua Park Shinagawa,aquarium,JP,https://www.aqua-park.jp/aqua/,Q3055859
Aqua World,aquarium,JP,https://www.aquaworld-oarai.com/,Q4782624
Atagawa Tropical & Alligator Garden,zoo,JP,http://bananawani.jp/english/,Q4812638
Chitose Aquarium,aquarium,JP,https://chitose-aq.jp/,Q11405627
Himeji Central Park,zoo,JP,https://www.central-park.co.jp/,Q2585012
Inokashira Park Zoo,zoo,JP,https://www.tokyo-zoo.net/zoo/ino/,Q10860225
Kamo Aquarium,aquarium,JP,https://kamo-kurage.jp/english/,Q11675955
Marine World Uminonakamichi,aquarium,JP,https://marine-world.jp/,Q6764266
Matsue Vogel Park,zoo,JP,https://www.ichibata.co.jp/vogelpark/en/,Q6788091
Miyajima Public Aquarium,aquarium,JP,https://www.miyajima-aqua.jp/,Q6764196
Sunshine Aquarium,aquarium,JP,https://sunshinecity.jp/aquarium/,Q11250698
Tobu Zoo,zoo,JP,https://www.tobuzoo.com/,Q11527526
"Butterfly Garden, Grevenmacher",zoo,LU,https://www.papillons.lu/,Q5002935
Naypyidaw Safari Park,zoo,MM,,Q861893
Zoológico Los Coyotes,zoo,MX,http://www.loscoyotes.df.gob.mx/,Q6171767
Port Harcourt Zoo,zoo,NG,,Q18343760
Langedrag Naturpark,zoo,NO,,Q11983144
Park Nordica,zoo,NO,https://www.park-nordica.com/no,Q6962092
Bahawalpur Zoo,zoo,PK,,Q4842512
"Rani Bagh, Hyderabad",zoo,PK,,Q7292958
Africarium,aquarium,PL,http://zoo.wroclaw.pl/en/africarium.html,Q18420920
Aquarium and Natural History Museum in Kraków,aquarium,PL,,Q922579
Poznań Old Zoo,zoo,PL,https://zoo.poznan.pl/,Q9344120
Aquário Vasco da Gama,aquarium,PT,https://ccm.marinha.pt/pt/aquariovgama,Q8187791
Sea Life Porto,aquarium,PT,http://www.sealifeeurope.com/local/index.php?loc=port,Q1439061
Hann Forest and Zoological Park,zoo,SN,,Q3364375
Emperor Valley Zoo,zoo,TT,,Q2198266
Fonghuanggu Bird and Ecology Park,zoo,TW,http://fhk-eng.nmns.edu.tw/,Q10927153
Shoushan Zoo,zoo,TW,http://zoo.kcg.gov.tw,Q9097841
Yalta Zoo,zoo,UA,https://yaltazoo.org,Q4537469
Alameda Park Zoo,zoo,US,http://ci.alamogordo.nm.us/coa/communityservices/zoo.htm,Q4705881
Alaska Wildlife Conservation Center,zoo,US,https://alaskawildlife.org/,Q4708633
Albuquerque Aquarium,aquarium,US,http://www.cabq.gov/biopark/aquarium,Q4712807
Aquarium of the Americas,aquarium,US,http://www.auduboninstitute.org/visit/aquarium,Q623162
Aquarium of the Bay,aquarium,US,http://www.aquariumofthebay.org/,Q4782760
Heal the Bay Aquarium,zoo,US,,Q7419807
Key West Butterfly and Nature Conservatory,zoo,US,http://www.keywestbutterfly.com,Q6398108
Marineland of Florida,aquarium,US,http://www.marineland.net/,Q13513150
Monkey Jungle,zoo,US,http://www.monkeyjungle.com,Q6900777
Navajo Nation Zoological and Botanical Park,zoo,US,http://www.navajozoo.org,Q5395439
Silver Springs,zoo,US,http://www.silversprings.com,Q3484004
Parque Lecocq,zoo,UY,,Q7139644
Bear Sanctuary Prishtina,zoo,XK,https://www.bearsanctuary-prishtina.org/,Q14623601
Safaripark Gänserndorf,zoo,AT,,Q2211413
Tiergarten Walding,zoo,AT,https://www.tiergartenwalding.com/cms/,Q18577780
Aquarium of Western Australia,aquarium,AU,https://www.aqwa.com.au/,Q296366
Gazipur Safari Park,zoo,BD,,Q16345864
Recreation Park and Rangpur Zoo,zoo,BD,,Q13059506
Aquarium-Muséum,aquarium,BE,http://aquarium-museum.uliege.be/,Q40680
Aquatopia,aquarium,BE,http://www.aquatopia.be,Q2589156
Meli Park,zoo,BE,https://www.meli.be/meli-park,Q3305037
Stara Zagora Zoo,zoo,BG,http://www.zoo-starazagora.com/,Q18639777
Curitiba Zoo,zoo,BR,,Q9011010
Zoológico de Brasília,zoo,BR,,Q10306226
Bloedel Conservatory,zoo,CA,https://vancouver.ca/parks-recreation-culture/bloedel-conservatory.aspx,Q4927320
Exploramer,aquarium,CA,https://www.exploramer.qc.ca/,Q17454
Jardin zoologique de Kinshasa,zoo,CD,,Q113557320
Brazzaville Zoo,zoo,CG,https://zoolandia.cg,Q4959034
Juraparc,zoo,CH,,Q1713816
Tierpark Lange Erlen,zoo,CH,,Q1693413
Chengdu Zoo,zoo,CN,http://www.cdzoo.com.cn/,Q20669929
Qingdao Aquarium,aquarium,CN,http://www.qdunderwaterworld.com/,Q14594862
Shenzhen Safari Park,zoo,CN,,Q25058046
Acuario Nacional de Cuba,aquarium,CU,http://www.acuarionacional.cu,Q31505
Curaçao Sea Aquarium,aquarium,CW,https://curacao-sea-aquarium.com/,Q5413044
Tabor Zoo,zoo,CZ,https://www.zootabor.eu/,Q11756334
Bad Mergentheim Wildlife Park,zoo,DE,http://www.wildtierpark.de,Q2570800
Betzenberg Wildlife Park,zoo,DE,,Q2570791
Hirschfeld Wildlife Park,zoo,DE,https://tierpark.hirschfeld-sachsen.de/inhalt/tierpark_hirschfeld/_inhalt/willkommen,Q1538627
Kurpfalz-Park,zoo,DE,http://www.kurpfalz-park.de/,Q1265654
Olching Bird Park,zoo,DE,https://www.vogelpark-olching.de/,Q1799174
Südliche Weinstraße Wildlife Park,zoo,DE,https://wildpark-silz.de/,Q2570250
Tier- und Pflanzenpark Fasanerie,zoo,DE,,Q876440
Tierpark Dessau,zoo,DE,,Q2432276
Tierpark Gotha,zoo,DE,https://www.tierpark-gotha.de/,Q2432284
Tierpark Oberwald,zoo,DE,https://zoo-karlsruhe.de/erlebniswelten/tierpark-oberwald/,Q119061225
Crocodile Zoo,zoo,DK,http://www.krokodillezoo.dk/,Q5187401
Fjord & Belt,aquarium,DK,http://www.fjordbaelt.dk,Q12311502
Marselisborg Deer Park,zoo,DK,,Q17111098
Acuario de Sevilla,aquarium,ES,https://www.acuariosevilla.es/,Q20746709
Aquarium de Donostia-San Sebastián,aquarium,ES,https://aquariumss.com/eu/euskara/,Q12256355
Las Águilas Jungle Park,zoo,ES,https://www.junglepark.es/,Q1277944
Maroparque,zoo,ES,http://maroparque.es/,Q87282998
Poema del Mar Aquarium,aquarium,ES,https://poema-del-mar.com/,Q47166845
Kitee Zoo,zoo,FI,http://www.kiteezoo.fi,Q3303225
Aquarium de La Rochelle,aquarium,FR,https://www.aquarium-larochelle.com,Q2859173
Aquarium de Paris,aquarium,FR,http://www.cineaqua.com/,Q2973092
Asson Zoo,zoo,FR,http://www.zoo-asson.org,Q3576014
Parc animalier des monts de Guéret,zoo,FR,,Q16668908
Anglesey Sea Zoo,aquarium,GB,https://www.angleseyseazoo.co.uk/,Q4763399
Borth Wild Animal Kingdom,zoo,GB,https://www.borthzoo.co.uk/,Q4946742
Cornish Seal Sanctuary,zoo,GB,https://www.visitsealife.com/gweek/,Q5171837
Living Coasts,zoo,GB,http://www.livingcoasts.org.uk/,Q1866486
Stratford Butterfly Farm,zoo,GB,http://www.butterflyfarm.co.uk/,Q7621945
The Brighton Aquarium And Attached Walls And Piers And Railings And Lamps,aquarium,GB,,Q26661794
Auto Safari Chapin,zoo,GT,http://www.autosafarichapin.com,Q4826122
Miskolc Zoo,zoo,HU,,Q431681
NegevZoo,zoo,IL,http://www.negevzoo.co.il,Q2896297
Tel Aviv Dolphinarium,aquarium,IL,,Q7061713
"Utopia park, Israel",zoo,IL,https://utopiapark.co.il/,Q4345206
Etawah Safari Park,zoo,IN,https://etawahlionsafari.org/,Q93969065
Gulab Bagh and Zoo,zoo,IN,,Q5617187
Jaipur Zoo,zoo,IN,,Q15229182
Jungle Mahal Zoological Park,zoo,IN,,Q128034611
Parassinikkadavu Snake Park,zoo,IN,,Q7136009
Rohtak Zoo,zoo,IN,,Q19893153
Tyavarekoppa Lion and Tiger Safari,zoo,IN,,Q7859688
Eram Zoo,zoo,IR,,Q94465
Kish Dolphinarium,aquarium,IR,,Q96473886
Castle of Brescia,zoo,IT,https://www.bresciamusei.com/castello.asp,Q3662506
Parco Safari delle Langhe,zoo,IT,https://www.parcosafari.it/,Q19573583
Akita City Ōmoriyama Zoo,zoo,JP,https://www.city.akita.lg.jp/zoo/,Q11595312
Aquamarine Fukushima,aquarium,JP,https://www.aquamarine.or.jp/,Q4782699
Asamushi Aquarium,aquarium,JP,http://asamushi-aqua.com/,Q4803495
Aso Cuddly Dominion,zoo,JP,http://www.cuddly.co.jp/index.html,Q11657616
Chiba Zoological Park,zoo,JP,https://www.city.chiba.jp/zoo/,Q11405998
Himeji City Aquarium,aquarium,JP,https://www.city.himeji.lg.jp/aqua/,Q2584900
Ice Museum,aquarium,JP,https://okamotoseihyo.jp/ice-aquarium/,Q7741262
Izu Mito Sea Paradise,aquarium,JP,https://www.mitosea.com/,Q3156501
Japan Monkey Centre,zoo,JP,http://www.japanmonkeycentre.org/,Q2182381
Kobe Suma Sea World,aquarium,JP,https://www.kobesuma-seaworld.jp/,Q125228535
Kumamoto City Zoological and Botanical Gardens,zoo,JP,https://www.ezooko.jp/,Q11568009
Kyushu African Safari,zoo,JP,https://africansafari.co.jp/english/,Q11370332
Muroto Schoolhouse Aquarium,aquarium,JP,https://www.city.muroto.kochi.jp/pages/page0343.php,Q56739393
Nishiyama Zoo,zoo,JP,https://www.city.sabae.fukui.jp/nishiyama_zoo/,Q11674251
Rakuju-en,zoo,JP,https://www.city.mishima.shizuoka.jp/rakujyu/,Q11541603
Sapporo Maruyama Zoo,zoo,JP,https://www.city.sapporo.jp/zoo/,Q7421103
Sendai Umino-Mori Aquarium,aquarium,JP,https://www.uminomori.jp/umino/,Q17222417
Shibetsu Salmon Science Museum,aquarium,JP,http://s-salmon.com/,Q11542208
Shikoku Aquarium,aquarium,JP,https://shikoku-aquarium.jp/,Q66432954
Shinagawa Aquarium,aquarium,JP,https://www.aquarium.gr.jp/,Q11254393
Tokiwa Park,zoo,JP,https://www.tokiwapark.jp/,Q11273042
Uminonakamichi Seaside Park,zoo,JP,https://uminaka-park.jp/,Q11558610
Wakayama Prefectural Museum of Natural History,aquarium,JP,https://www.shizenhaku.wakayama-c.ed.jp/,Q11417475
Yamanashi Prefectural Fuji Spring-fed Village Aquarium,aquarium,JP,http://www.morinonakano-suizokukan.com/,Q11469706
Pinnawala Open Zoo,zoo,LK,,Q19820001
Wasserbillig Aquarium,aquarium,LU,http://aquarium.wasserbillig.lu,Q31630
Tripoli Zoo,zoo,LY,,Q7843680
Crocoparc Agadir,zoo,MA,,Q27919299
Zoológico Miguél Álvarez del Toro,zoo,MX,,Q8074133
The Green Connection,aquarium,MY,http://the-green-connection.com,Q29208
Kano Zoo,zoo,NG,https://kanozoo.nazap.org.ng,Q79412447
Bjørneparken,zoo,NO,https://bjorneparken.no/,Q11961462
Parque Municipal Summit,zoo,PA,https://mupa.gob.pa/summit/,Q9055836
Parque de las Leyendas,zoo,PE,http://leyendas.gob.pe/,Q6062796
Karachi Safari Park,zoo,PK,,Q778531
Lahore Zoo Safari,zoo,PK,http://www.lahorezoo.com.pk/,Q6473423
Peshawar Zoo,zoo,PK,,Q42530840
Seal Sanctuary in Hel,aquarium,PL,https://fokarium.ug.edu.pl,Q7440540
Badoca Safari Park,zoo,PT,,Q14202152
Jagodina Zoo,zoo,RS,http://www.zoovrtjagodina.rs/,Q10952800
Izhevsk Zoo,zoo,RU,http://www.udm-zoo.ru,Q4198185
Tula Exotarium,zoo,RU,,Q4465264
Yaroslavl Zoo,zoo,RU,http://yar-zoo.ru/,Q16723452
Yekaterinburg Zoo,zoo,RU,http://www.ekazoo.ru/,Q4174319
Frösö Zoo,zoo,SE,http://www.frosozoo.se,Q10499804
The Maritime Museum and Aquarium,aquarium,SE,https://www.sjofartsmuseetakvariet.se/,Q3330639
Nakhon Ratchasima Zoo,zoo,TH,http://www.korat.zoothailand.org/,Q14469669
Hsinchu Zoo,zoo,TW,http://zoo.e-tobe.com/eng/,Q11084009
Wanpi World Zoo,zoo,TW,https://www.wanpiworldzoo.com.tw/,Q16242379
Xpark,aquarium,TW,https://www.xpark.com.tw/jp,Q124514449
Yehliu Ocean World,aquarium,TW,http://www.oceanworld.com.tw/,Q16929389
Kharkiv Dolphinarium,aquarium,UA,http://en.nemo.ua/kh/,Q12166962
Lutsk Zoo,zoo,UA,,Q12118980
Podilskyi Zoo,zoo,UA,http://zoopark.vn.ua/,Q4111612
ABQ BioPark Zoo,zoo,US,https://cabq.gov/culturalservices/biopark/zoo,Q370775
Belle Isle Aquarium,aquarium,US,,Q4883644
Cat Tales Wildlife Center,zoo,US,https://www.cattales.org/,Q5051072
Dolphin Research Center,zoo,US,http://www.dolphins.org,Q649904
Folsom City Zoo Sanctuary,zoo,US,http://www.folsom.ca.us/depts/parks_n_recreation/zoo/,Q5464852
Jackson Zoo,zoo,US,http://www.jacksonzoo.org,Q6117808
Long Island Aquarium and Exhibition Center,aquarium,US,http://www.longislandaquarium.com/,Q28817
Montgomery Zoo,zoo,US,http://www.montgomeryzoo.com,Q6905834
Orange County Zoo,zoo,US,http://www.ocparks.com/oczoo,Q7099598
Phillips Park Zoo,zoo,US,https://www.aurora-il.org/150/Phillips-Park-Zoo,Q7185928
Reptile Gardens,zoo,US,http://www.reptilegardens.com/,Q3427461
Salisbury Zoo,zoo,US,http://www.salisburyzoo.org,Q7404825
Sarasota Jungle Gardens,zoo,US,https://sarasotajunglegardens.com/,Q7423241
Six Flags Wild Safari Adventure,zoo,US,https://www.sixflags.com/wildsafariadventure,Q687421
Smithsonian Conservation Biology Institute,zoo,US,http://nationalzoo.si.edu/ConservationAndScience/CRC/FrontRoyal/,Q1127326
The Marine Mammal Center,zoo,US,http://www.marinemammalcenter.org/,Q3521787
Wildlife World Zoo,zoo,US,http://www.wildlifeworld.com,Q8001337
Wonders of Wildlife Museum & Aquarium,zoo,US,http://www.wondersofwildlife.org,Q8031923
Valencia's Aquarium,zoo,VE,http://www.aquariumdevalencia.com,Q623158
World of Birds Wildlife Sanctuary and Monkey Park,zoo,ZA,http://www.worldofbirds.org.za/,Q8036586
Bear sanctuary Arbesbach,zoo,AT,https://www.baerenwald.at/,Q1019188
Kameltheater Kernhof,zoo,AT,,Q1722919
Tierpark Rosegg,zoo,AT,https://www.rosegg.at/tierpark-kaernten/,Q24232843
Vogelpark Turnersee,zoo,AT,http://vogelpark.at/,Q17514617
Armadale Reptile Centre,zoo,AU,http://www.armadalereptilecentre.com.au,Q4792522
Bonorong Wildlife Sanctuary,zoo,AU,https://www.bonorong.com.au/,Q119475135
Crocodylus Park,zoo,AU,http://www.crocodyluspark.com.au,Q85754626
Familiepark Harry Malter,zoo,BE,https://www.harrymalter.be/fr/,Q2959739
Parc animalier de La Reid,zoo,BE,http://www.forestia.be,Q15071930
domain of the caves of Han,zoo,BE,http://www.grotte-de-han.be/,Q3034599
Lovech Zoo,zoo,BG,,Q18639466
Bauru Zoo,zoo,BR,https://www2.bauru.sp.gov.br/semma/unidades_ambientais/zoologico.aspx,Q20059693
Sao Paulo aquarium,aquarium,BR,https://aquariodesp.com.br/,Q16493141
Simba Safari,zoo,BR,https://www.simbasafari.com.br/,Q10395314
Zoological Garden of Belo Horizonte,zoo,BR,http://www.pbh.gov.br,Q9011004
Niagara Parks Butterfly Conservatory,zoo,CA,http://www.niagaraparks.com/garden-trail/butterfly-conservatory.html,Q7023739
Sealand of the Pacific,aquarium,CA,,Q7440604
Shubenacadie Wildlife Park,zoo,CA,http://wildlifepark.gov.ns.ca/,Q7504536
Suncor Energy Fluvarium,zoo,CA,,Q7639072
Bois de la Bâtie,zoo,CH,,Q2404630
Bois du Petit-Château,zoo,CH,https://muzoo.ch/,Q1720755
Langenberg Wildlife Park,zoo,CH,,Q2570812
Zoo al Maglio,zoo,CH,http://www.zooalmaglio.ch/,Q220112
Chimelong Safari Park,zoo,CN,http://int.chimelong.com/en_US/GZ/safari,Q10566319
Guangzhou Zoo,zoo,CN,http://www.gzzoo.com,Q11062008
Rodadero Sea Aquarium and Museum,aquarium,CO,,Q7356438
Santacruz zoo,zoo,CO,http://zoosantacruz.org/,Q6171771
zoologico de barranquilla,zoo,CO,http://www.zoobaq.org/index.php,Q6171777
Limassol Zoo,zoo,CY,https://limassolzoo.com/,Q117372677
Chleby Zoo,zoo,CZ,http://www.zoochleby.cz,Q10856998
Parrot Zoo in Bošovice,zoo,CZ,https://papouscizoo.cz,Q81891890
ZOO Dvorec,zoo,CZ,,Q8546991
Zoopark Zájezd,zoo,CZ,http://zoopark-zajezd.cz/,Q10861329
Adler- und Wolfspark Kasselburg,zoo,DE,https://adler-wolfspark.de/,Q107171042
Alternativer Bärenpark Worbis,zoo,DE,https://www.baer.de/,Q438680
Alternativer Wolf- und Bärenpark Schwarzwald,zoo,DE,https://www.baer.de/projekte/alternativer-wolf-und-baerenpark-schwarzwald,Q124289952
Arche Noah Zoo Braunschweig,zoo,DE,https://zoo-bs.de/,Q632524
Bird Park Steinen,zoo,DE,https://www.vogelpark-steinen.de/,Q2530031
Bärenwald Müritz,zoo,DE,https://www.baerenwald-mueritz.de/,Q1019189
Hankensbüttel Otter Centre,zoo,DE,https://otterzentrum.de,Q1688481
Inselzoo Altenburg,zoo,DE,,Q1664520
Irrland,zoo,DE,https://www.irrland.de,Q19931292
Multimar Wattforum,aquarium,DE,https://multimar-wattforum.de/,Q1952390
Safariland Stukenbrock,zoo,DE,https://safariland-stukenbrock.de/,Q220077
Sassnitz Wildlife Park,zoo,DE,http://www.tierpark-sassnitz.de/,Q593400
Schwarzwaldzoo Waldkirch,zoo,DE,https://www.schwarzwaldzoo.de/,Q2254498
Sea Life München,aquarium,DE,https://www.visitsealife.com/muenchen/,Q2261873
Tier- und Kulturpark Bischofswerda,zoo,DE,https://tierpark-bischofswerda.de,Q1494249
Tiergarten Eisenberg,zoo,DE,http://www.tiergarten-eisenberg-thuer.de/,Q1396643
Tierpark Arche Warder,zoo,DE,https://www.arche-warder.de/,Q2432273
Tierpark Bad Pyrmont,zoo,DE,http://www.tierpark-badpyrmont.de/,Q129322
Tierpark Gera,zoo,DE,https://tierpark.gera.de/,Q1480506
Tierpark Sababurg,zoo,DE,http://www.tierpark-sababurg.de/,Q2351972
Wildpark (Dülmen),zoo,DE,,Q15134915
Wildpark Daun,zoo,DE,http://wildpark-daun.de/,Q1950392
Wildpark Frankfurt,zoo,DE,https://wichern-diakonie.de/produkte-und-dienstleistungen/wildpark/,Q2570827
Wildpark Gangelt,zoo,DE,https://www.wildpark-gangelt.com/,Q4538051
Wildpark Leipzig,zoo,DE,https://www.leipzig.de/freizeit-kultur-und-tourismus/parks-waelder-und-friedhoefe/wildpark/,Q2570815
Wildpark Potzberg,zoo,DE,,Q2570837
Zoo in der Wingst,zoo,DE,https://wingster-waldzoo.de/,Q220127
Zoologischer Garten Eberswalde,zoo,DE,https://zoo.eberswalde.de/,Q220243
Ørnereservatet,zoo,DK,http://www.eagleworld.dk/,Q12342054
Ben Aknoun Park,zoo,DZ,,Q3364125
Aquarium River of Zaragoza,aquarium,ES,http://www.acuariodezaragoza.com/,Q5657014
Avifauna,zoo,ES,http://www.avifauna.net/,Q8210478
El Jardí dels Ocells,zoo,ES,https://eljardidelsocells.com/en,Q18216083
Rancho Texas Park,zoo,ES,,Q14251991
Heinola bird sanctuary,zoo,FI,,Q5489052
Tropicario,zoo,FI,http://www.tropicario.com/eng_index.html,Q18619542
Alligator Bay,zoo,FR,https://www.alligator-bay.com/,Q55595468
Aquarium de Lyon,aquarium,FR,http://www.aquariumlyon.fr,Q8294
Cigoland,zoo,FR,http://www.cigoland.fr,Q2561236
Grand Aquarium de Touraine,aquarium,FR,http://www.aquariumduvaldeloire.com/,Q2859186
La Ferme aux crocodiles,zoo,FR,https://www.lafermeauxcrocodiles.com/,Q2262801
La Montagne des singes,zoo,FR,https://www.montagnedessinges.com/,Q2397999
Parc animalier de Merlet,zoo,FR,http://www.parcdemerlet.com/,Q3363937
Parc ornithologique de Pont-de-Gau,zoo,FR,,Q3364652
Parc zoologique de Bordeaux Pessac,zoo,FR,http://www.zoo-bordeaux-pessac.com,Q3364781
Sea Life Paris Val d'Europe,aquarium,FR,http://www.visitsealife.com/paris/,Q3476657
Volerie des aigles,zoo,FR,http://www.voleriedesaigles.com/,Q3562754
Zoo du Mont Faron,zoo,FR,http://zoo-toulon.fr,Q3576032
Berkshire College of Agriculture,zoo,GB,https://www.bca.ac.uk/,Q4892248
Bucklebury Farm Park,zoo,GB,http://www.buckleburyfarmpark.co.uk,Q4983312
Hamerton Zoo Park,zoo,GB,https://www.hamertonzoopark.com/,Q5644526
South Lakes Safari Zoo,zoo,GB,http://www.southlakessafarizoo.com/,Q7567782
Tropiquaria,zoo,GB,https://www.tropiquaria.co.uk/,Q7846248
Batumi Dolphinarium,aquarium,GE,,Q25542775
Bizik family Zoo,zoo,HR,,Q4919420
Kuterevo,zoo,HR,http://www.kuterevo-medvjedi.org,Q953034
Lake Tisza Ecocentre,zoo,HU,http://www.tiszataviokocentrum.hu/,Q12816513
Batu Secret Zoo,zoo,ID,http://www.jawatimurpark2.com/index.php/batu-secret-zoo.html,Q4251753
Taman Margasatwa dan Budaya Kinantan,zoo,ID,,Q12518848
Taman Safari Indonesia 2,zoo,ID,,Q29129
Midbarium,zoo,IL,https://midbarium.co.il/,Q123615642
Bhagwan Birsa Biological Park,zoo,IN,https://birsazoojharkhand.in/,Q81036087
Kamla Nehru Prani Sangrahalay,zoo,IN,,Q24038908
Maharajbagh zoo,zoo,IN,,Q15243715
Nagaland Zoological Park,zoo,IN,http://dimapur.nic.in/Zoological%20Park.htm,Q47462824
Nawab Wajid Ali Shah Prani Udyan,zoo,IN,http://lucknowzoo.in,Q6697780
"Pt. G.B. Pant High Altitude Zoo, Nainital",zoo,IN,http://www.nainitalzoo.org.in,Q7256608
Sajjangarh Biological Park,zoo,IN,http://www.sajjangarhbiologicalpark.in,Q22080053
Shaheed Ashfaq Ullah Khan Prani Udyan,zoo,IN,https://gorakhpurzoo.org/default.aspx,Q59587500
VOC park and zoo,zoo,IN,,Q21930126
Warangal Zoo,zoo,IN,,Q16999992
Isfahan Aquarium,aquarium,IR,https://www.isfahanaquarium.ir/,Q63022404
Aquarium of Cattolica,aquarium,IT,https://www.acquariodicattolica.it/en,Q3604679
Faunistic Park Cappeller,zoo,IT,http://www.parcocappeller.com,Q3895597
Aquatotto Gifu,aquarium,JP,https://aquatotto.com/,Q11282869
Crab Aquarium,aquarium,JP,https://kanikko.jp/,Q11264065
DMM Kariyushi Aquarium,aquarium,JP,https://kariyushi-aquarium.com/,Q56347666
Echizen Matsushima Aquarium,aquarium,JP,https://www.echizen-aquarium.com/,Q11636428
Edogawa Ward Natural Zoo,zoo,JP,https://www.edogawa-kankyozaidan.jp/zoo/,Q11551063
Enoshima Aquarium,aquarium,JP,http://www.enoshimamarine.com/,Q11502657
Fukuyama City Zoo,zoo,JP,http://www.fukuyamazoo.jp/,Q5507754
Gokatsura Pond Furusato Village,zoo,JP,,Q5578056
Hanshin-park,aquarium,JP,,Q11577719
Himeji City Zoo,zoo,JP,https://www.city.himeji.lg.jp/dobutuen/,Q11447486
Ikeda Zoo,zoo,JP,http://www.urban.ne.jp/home/ikedazoo/,Q11551743
Iyoboya Hall,aquarium,JP,https://www.iyoboya.jp/,Q61721910
Joetsu Aquarium,aquarium,JP,https://www.umigatari.jp/joetsu/,Q11360163
Kagoshima City Hirakawa Zoo,zoo,JP,https://hirakawazoo.jp/,Q11676554
Katsurahama Aquarium,aquarium,JP,https://katurahama-aq.jp/,Q11536832
Kushiro Crane Reserve,zoo,JP,http://www.kushiro-park.com/publics/index/72/,Q22677838
Noboribetsu Marine Park Nixe,aquarium,JP,https://www.nixe.co.jp/,Q11579106
Notojima Aquarium,aquarium,JP,https://www.notoaqua.jp/,Q11275197
Numazu Deep Sea Aquarium,aquarium,JP,http://www.numazu-deepsea.com/,Q11554537
Oga Aquarium Gao,aquarium,JP,https://www.gao-aqua.jp/,Q11595485
Okinawa Zoo & Museum,zoo,JP,https://www.okzm.jp/,Q11552583
Otaru Aquarium,aquarium,JP,https://otaru-aq.jp/page-2236,Q11261729
Rakutenchi,zoo,JP,https://rakutenchi.jp/,Q11346676
Sendai Yagiyama Zoological Park,zoo,JP,https://www.city.sendai.jp/zoo/,Q11377835
Shimane Aquarium Aquas,aquarium,JP,https://aquas.or.jp/,Q11476470
Shimonoseki Marine Science Museum Kaikyōkan,aquarium,JP,https://www.kaikyokan.com/,Q11361443
Shinjiko Nature Museum Gobius,aquarium,JP,https://www.gobius.jp/,Q47164008
Suma Aqualife Park,aquarium,JP,https://kobe-sumasui.jp/,Q11590110
Tobe Zoological Park,zoo,JP,http://www.tobezoo.com,Q11493586
Tochigi Nakagawa Aquatic Park,aquarium,JP,https://tnap.jp/english/,Q11535182
Tsushima Wildlife Conservation Center,zoo,JP,http://kyushu.env.go.jp/twcc/multilang/korean/profile.htm,Q38278109
Uozu Aquarium,aquarium,JP,https://www.uozu-aquarium.jp/en/,Q11674044
Ōsaki Park,zoo,JP,https://www.sgp.or.jp/osaki,Q11435011
Banteay Srey Butterfly Centre,zoo,KH,http://www.angkorbutterfly.com/,Q28146533
Phnom Tamao Wildlife Rescue Centre,zoo,KH,http://phnomtamaozoo.com,Q7186583
Latgale Zoo,zoo,LV,http://www.latgaleszoo.eu/,Q4254924
Aquarium Boka,aquarium,ME,https://aquariumboka.ucg.ac.me/en/,Q126391371
Acuario Inbursa,aquarium,MX,http://www.acuarioinbursa.com,Q17126827
Aquarium of Veracruz,aquarium,MX,https://www.aquariumpuertodeveracruz.mx/,Q16301038
Zoológico Benito Juárez,zoo,MX,https://zoomorelia.michoacan.gob.mx/,Q18391178
Zoológico de San Juan de Aragón,zoo,MX,http://data.sedema.cdmx.gob.mx/zoo_aragon/,Q9097837
Lok Kawi Wildlife Park,zoo,MY,,Q7445905
Ogba Zoo & Nature Park,zoo,NG,https://ogbazoo.com/,Q14468312
Lofotakvariet,aquarium,NO,,Q1867915
Baluarte Zoo,zoo,PH,,Q27963566
Crocolandia Foundation,zoo,PH,,Q5187417
Jungle World,zoo,PK,,Q6312921
Leśny Park Niespodzianek,zoo,PL,https://lesnypark.pl/,Q29214247
Poznań Nowe Zoo,zoo,PL,https://zoo.poznan.pl/,Q11793657
Estação Litoral da Aguda,aquarium,PT,,Q1369770
Târgu Mureș Zoo,zoo,RO,https://www.zootirgumures.ro/,Q1165722
Alushta Aquarium,aquarium,RU,http://alushta-aqua.ru/,Q4063085
Barnaul Zoo,zoo,RU,,Q4078402
Dolphinarium in Naberezhnye Chelny,aquarium,RU,http://delfinariy-chelny.ru/,Q4311179
Husky Village,zoo,RU,http://huskyvillage.ru/,Q108451306
Kara-Dag dolphinarium,aquarium,RU,http://karadag-dolphin.ru/,Q16700961
Oceanarium in Saint Petersburg,aquarium,RU,http://www.planeta-neptun.ru/ocean/,Q4332495
Royev Ruchey Zoo,zoo,RU,https://roev.ru/,Q3337557
Voronezh Zoo,zoo,RU,https://zooparkvrn.ru,Q4125416
Havets hus,aquarium,SE,http://www.havetshus.se/,Q10294080
Junsele Zoo,zoo,SE,,Q10541464
Aquarium Piran,aquarium,SI,https://aquariumpiran.si/,Q121296332
The Tortoise Village,zoo,SN,,Q2945389
Chai Nat Bird Park,zoo,TH,,Q2530020
Samphran Elephant Ground & Zoo,zoo,TH,http://www.elephantshow.com/home.htm,Q48797664
Songkhla Zoo,zoo,TH,http://www.songkhla.zoothailand.org/,Q3576027
Antalya Aquarium,aquarium,TR,http://www.antalyaaquarium.com/,Q20470397
Konya Tropical Butterfly Garden,zoo,TR,https://www.konyatropikalkelebekbahcesi.com/tr,Q60776627
Jiannan Butterfly Garden,zoo,TW,,Q140940145
Dar es Salaam Zoo,zoo,TZ,,Q16954216
Dolphinarium in Koktebel,aquarium,UA,http://koktebel-delfin.com/,Q16702056
Medenychi Zoo Limpopo,zoo,UA,https://limpopo-zoo.com.ua/,Q25432073
Mena Zoo,zoo,UA,http://www.zoomena.com.ua/,Q12122625
Uganda Wildlife Conservation Education Center,zoo,UG,https://uwec.ug/,Q112078133
Arkansas Alligator Farm and Petting Zoo,zoo,US,http://www.arkansasalligatorfarm.com,Q4791733
Austin Zoo,zoo,US,http://www.austinzoo.org/,Q4823341
Big Bear Alpine Zoo,zoo,US,https://bigbearzoo.org/,Q6907923
Binghamton Zoo at Ross Park,zoo,US,https://rossparkzoo.org/,Q4914260
Coker Arboretum,zoo,US,,Q5141722
Coral World Ocean Park,zoo,US,http://www.coralworldvi.com,Q5169520
Cougar Mountain Zoo,zoo,US,http://cougarmountainzoo.org,Q5176044
Edenton National Fish Hatchery,aquarium,US,https://www.fws.gov/fish-hatchery/edenton,Q49485672
Ellen Trout Zoo,zoo,US,http://cityoflufkin.com/zoo/,Q14710454
Erie Zoo,zoo,US,http://www.eriezoo.org/,Q5388359
Flint RiverQuarium,aquarium,US,http://www.flintriverquarium.com/,Q5459553
Frank Buck Zoo,zoo,US,http://www.frankbuckzoo.com,Q5485534
Greater Cleveland Aquarium,aquarium,US,http://greaterclevelandaquarium.com,Q5600498
Gulf Breeze Zoo,zoo,US,http://www.gulfbreezezoo.org,Q5617390
Henson Robinson Zoo,zoo,US,https://www.hensonrobinsonzooed.org/,Q5731426
Jungleland USA,zoo,US,,Q2154793
Kentucky Down Under,zoo,US,http://www.kdu.com,Q6392239
Key West Aquarium,zoo,US,http://www.keywestaquarium.com,Q6398109
Long Island Game Farm,zoo,US,http://www.longislandgamefarm.com,Q6672689
Lupa Zoo,zoo,US,http://www.lupazoo.org,Q6704651
Maria Mitchell Aquarium,zoo,US,http://www.mariamitchell.org/visit/aquarium,Q6761437
Maui Ocean Center,aquarium,US,https://mauioceancenter.com/,Q6792384
Micke Grove Zoo,zoo,US,http://www.mgzoo.com/zoo/micke-grove/default.htm,Q6838512
Mill Mountain Zoo,zoo,US,http://mmzoo.org,Q6858365
Monsanto Insectarium,zoo,US,http://www.stlzoo.org/yourvisit/thingstoseeanddo/discoverycorner/insectarium,Q6902500
Natchitoches National Fish Hatchery,aquarium,US,https://www.fws.gov/fish-hatchery/natchitoches,Q6968578
Natural Bridge Wildlife Ranch,zoo,US,https://www.wildliferanchtexas.com/,Q6980456
Niabi Zoo,zoo,US,http://www.niabizoo.com,Q7023514
Oklahoma Aquarium,zoo,US,https://www.okaquarium.org,Q7082106
Pana'ewa Rainforest Zoo,zoo,US,https://www.hilozoo.org/,Q7129731
Plumpton Park Zoo,zoo,US,http://www.plumptonparkzoo.org,Q7205466
Rio Grande Botanic Garden,zoo,US,,Q2843476
Selig Zoo,zoo,US,,Q116826426
Shambala Preserve,zoo,US,http://www.shambala.org,Q7487448
Southwick's Zoo,zoo,US,http://www.southwickszoo.com,Q7571457
Theater of the Sea,zoo,US,http://www.theaterofthesea.com,Q7777314
Ty Warner Sea Center,zoo,US,http://www.sbnature.org/seacenter/index.php,Q3542641
Wildlife West Nature Park,zoo,US,http://www.wildlifewest.org,Q8001338
Zoo Idaho,zoo,US,https://zooidaho.org/,Q7206302
Parque Zoológico Chorros de Milla,zoo,VE,,Q6062578
Mitchell Park Zoo,zoo,ZA,http://www.durban.gov.za/City_Services/ParksRecreation/pnature/Pages/mitchell.aspx,Q6881335
La Plata Zoo and Botanical Garden,zoo,AR,,Q5927023
Affenberg Landskron,zoo,AT,http://www.affenberg.com/,Q382301
Cumberland Wildpark,zoo,AT,https://wildpark.at/impressum,Q1143719
Raritätenzoo Ebbs,zoo,AT,https://www.raritaetenzoo.at/,Q2131737
Reptilienzoo Nockalm,zoo,AT,http://www.reptilienzoonockalm.at/,Q24260317
Steppentierpark Pamhagen,zoo,AT,http://www.steppentierpark.at/,Q55692233
Tiergarten Wels,zoo,AT,https://www.wels.gv.at/lebensbereiche/freizeit-und-sport/freizeittipps/tiergarten-wels/,Q19971497
Tierpark Haag,zoo,AT,https://www.tierparkstadthaag.at,Q2432301
Wild- und Erlebnispark Ferleiten,zoo,AT,http://www.wildpark-ferleiten.at/,Q47068187
Wildpark Ernstbrunn,zoo,AT,,Q2570809
Zoo Linz,zoo,AT,https://www.zoo-linz.at,Q220053
wildlife park Feldkirch,zoo,AT,https://www.wildpark-feldkirch.at/,Q60458632
Ocean Park Aquarium,aquarium,AU,,Q109236782
Ranger Red’s Zoo & Conservation Park,zoo,AU,https://redzzoo.com.au/,Q70049729
Animal park Eendekooi,zoo,BE,,Q2400230
De Zonnegloed,zoo,BE,https://www.dezonnegloed.be/nl,Q26233829
Meli Meise,zoo,BE,,Q130746173
Parc animalier de Bouillon,zoo,BE,https://www.parcanimalierdebouillon.be/nl,Q2275068
Sea Life Blankenberge,aquarium,BE,https://www.visitsealife.com/blankenberge/en/,Q26490563
Varna Zoo,zoo,BG,http://varna-zoo.com/,Q18639853
Bioparque Municipal Vesty Pakos,zoo,BO,,Q61958854
Zoológico de Fauna Sudamericana,zoo,BO,,Q6171768
Aquário de Ubatuba,aquarium,BR,http://www.aquariodeubatuba.com.br,Q56692472
Belo Horizonte Aquarium,aquarium,BR,,Q9626989
Bosque dos Jequitibás,zoo,BR,,Q9662083
Jardim Zoobotânico de Franca,zoo,BR,,Q65171670
Mangal das Garças,zoo,BR,http://www.mangaldasgarcas.com.br/,Q10323617
Pantanal Aquarium,aquarium,BR,https://bioparquepantanal.ms.gov.br,Q111905375
Parque Ecológico de São Carlos,zoo,BR,,Q65160535
Parque Zoobotânico Getúlio Vargas,zoo,BR,http://www.zoo.ba.gov.br/,Q18043463
Parque Zoobotânico de Teresina,zoo,BR,,Q10345406
Parque Zoobotânico do Museu Paraense Emílio Goeldi,zoo,BR,,Q56641215
Zoológico Municipal de Guarulhos,zoo,BR,https://www.guarulhos.sp.gov.br/zoologico/,Q64569689
Zoológico de Goiânia,zoo,BR,,Q10306228
Bioparc de la Gaspésie,zoo,CA,http://www.bioparc.ca,Q2904199
Cambridge Butterfly Conservatory,zoo,CA,https://www.cambridgebutterfly.com/,Q108167453
Jungle Cat World,zoo,CA,http://www.junglecatworld.com,Q6312792
Killman Zoo,zoo,CA,,Q14875235
Reptilia,zoo,CA,http://reptilia.org,Q7314355
Safari Zoo Camp,zoo,CA,http://www.zoocamp.com,Q7398401
Shaw Ocean Discovery Centre,aquarium,CA,http://www.oceandiscovery.ca,Q13221728
Ucluelet Aquarium,aquarium,CA,http://uclueletaquarium.org,Q7876799
Arosa Bärenland,zoo,CH,,Q58212596
BärenPark Bern,zoo,CH,https://www.tierpark-bern.ch/tierpark-bern/baerenpark,Q20850350
Toni's Zoo,zoo,CH,https://www.toniszoo.ch/,Q2442063
Wildpark Brienz,zoo,CH,https://www.wildparkbrienz.ch/,Q107434467
Wildpark Bruderhaus,zoo,CH,http://www.bruderhaus.ch/,Q1372195
Wildpark Mühletäli,zoo,CH,,Q63256166
Wildpark Peter und Paul,zoo,CH,,Q2570828
Wildpark Roggenhausen,zoo,CH,,Q22955412
Abidjan zoo,zoo,CI,,Q110988745
Buin Zoo,zoo,CL,http://www.buinzoo.cl/,Q5735294
Zoológico de Concepción,zoo,CL,https://www.zooconcepcion.cl/,Q5937644
Zoológico de Quilpué,zoo,CL,https://zoo.quilpue.cl/,Q6171788
Beijing Wildlife Park,zoo,CN,,Q10902457
Ningbo Wildlife Park,zoo,CN,http://www.nbzoo.com,Q10946033
Parque de la Conservación,zoo,CO,https://www.parquedelaconservacion.com/,Q6171769
La Paz Waterfall Gardens,zoo,CR,http://www.waterfallgardens.com/,Q65553816
Monteverde Theme Park,zoo,CR,,Q28311039
Spirogyra Butterfly Garden,zoo,CR,,Q28311036
Crocodile ZOO Protivín,zoo,CZ,,Q12031568
Daňčí obora,zoo,CZ,,Q114873912
Faunapark Lipová-lázně,zoo,CZ,,Q18106587
Minizoo Malá Chuchle,zoo,CZ,,Q10861299
Rákosův pavilon,zoo,CZ,,Q68803191
Zoo Plasy,zoo,CZ,http://pivovarskydvurplasy.cz/zoo/,Q42878518
Zoopark Zelčín,zoo,CZ,https://www.zooparkzelcin.cz/,Q112252877
paraZOO,zoo,CZ,https://www.parazoo.cz/,Q12043772
Adlerwarte Berlebeck,zoo,DE,http://www.detmold-adlerwarte.de/,Q358501
Affen- und Vogelpark Eckenhagen,zoo,DE,http://www.affen-und-vogelpark.de/,Q382294
Affenberg Salem,zoo,DE,https://www.affenberg-salem.de/,Q382304
Anholter Schweiz,zoo,DE,https://www.anholter-schweiz.de,Q545428
Aquarium Wilhelmshaven,aquarium,DE,https://aquarium-wilhelmshaven.de/,Q15106696
Bayerwald-Tierpark Lohberg,zoo,DE,https://www.bayerwald-tierpark.de/,Q59195595
Bergtierpark Blindham,zoo,DE,https://www.bergtierpark.de/,Q28498767
Dinklage Wildlife Park,zoo,DE,https://wildpark-dinklage.de/#wildpark,Q125949518
Eifel-Zoo,zoo,DE,http://www.eifel-zoo.de/,Q15110165
Exotarium Oberhof,zoo,DE,http://www.exotarium-oberhof.de/,Q1384171
Greifvogelpark Katharinenberg,zoo,DE,http://www.falknerei-katharinenberg.de/,Q18020552
Grünes Meer,zoo,DE,,Q20113336
Harzfalkenhof,zoo,DE,https://harzfalkenhof.de/,Q1516761
Haustierhof Reutemühle,zoo,DE,,Q1591327
Heimat-Tierpark Olderdissen,zoo,DE,,Q1595518
Hochwildpark Rheinland,zoo,DE,http://www.hochwildpark-rheinland.de/,Q1246693
Jaderpark,zoo,DE,https://www.jaderpark.de,Q1678192
Johannismühle wildlife park,zoo,DE,https://www.wildpark-johannismuehle.de,Q15134917
Kleinzoo Wasserstern,zoo,DE,http://www.wasserstern.de/,Q51146219
Leintalzoo Schwaigern,zoo,DE,https://www.tierpark-schwaigern.de/,Q1815378
Meereszentrum Fehmarn,aquarium,DE,https://www.meereszentrum.de/,Q18288410
Naturwildpark Freisen,zoo,DE,http://www.naturwildpark-freisen.de/,Q1969865
Noctalis,zoo,DE,https://noctalis.de/,Q1702529
Reptilium Terrarien- und Wüstenzoo Landau,zoo,DE,https://www.reptilium-landau.de/,Q2145304
Sea Life Königswinter,aquarium,DE,https://www.visitsealife.com/en/konigswinter/,Q2261870
Seehundstation Friedrichskoog,zoo,DE,https://www.seehundstation-friedrichskoog.de,Q2265008
Seehundstation Norddeich,zoo,DE,http://www.seehundstation-norddeich.de/,Q2265011
Solinger Vogel- und Tierpark,zoo,DE,,Q2298879
Sylt Aquarium,aquarium,DE,http://www.syltaquarium.de/,Q1424855
Tatzmania Löffingen,zoo,DE,https://www.tatzmania.com/,Q123503730
TerraZoo Rheinberg,zoo,DE,,Q2405070
Tier- und Freizeitpark Thüle,zoo,DE,http://tier-freizeitpark.de/,Q1373447
"Tier-, Freizeit- und Saurierpark Germendorf",zoo,DE,http://www.freizeitpark-germendorf.de/,Q26794497
Tiergarten Bernburg,zoo,DE,http://www.tiergarten-bernburg.de/,Q2432171
Tiergarten Delitzsch,zoo,DE,http://tiergarten-delitzsch.de/,Q2432172
Tiergarten Falkenstein,zoo,DE,http://www.stadt-falkenstein.de/tourismus/tiergarten-falkenstein/,Q1559777
Tiergarten Halberstadt,zoo,DE,http://www.halberstadt.de/de/tiergarten_1_kultur.html,Q2432176
Tiergarten Hannover,zoo,DE,,Q1676123
Tiergarten Mönchengladbach,zoo,DE,https://www.tiergarten-moenchengladbach.de/,Q1419082
Tiergarten Neustrelitz,zoo,DE,https://www.tiergarten-neustrelitz.de/,Q1340792
Tiergarten Staßfurt,zoo,DE,http://www.lebenshilfe-boerdeland.de/kulturfreizeitgastronomie/tiergarten/,Q2432191
Tiergarten Stendal,zoo,DE,http://www.tiergarten-stendal.de/,Q2432188
Tiergarten Teltow,zoo,DE,https://tiergarten-teltow.de/,Q71028343
Tiergarten Ulm,zoo,DE,http://www.tiergarten.ulm.de/,Q1624934
Tiergarten Worms,zoo,DE,https://www.tiergarten-worms.de/,Q2432195
Tierpark Alsdorfer Weiher,zoo,DE,https://tierpark-alsdorf.de/,Q2432263
Tierpark Angermünde,zoo,DE,https://tierpark-angermuende.de/,Q2432266
Tierpark Bad Kösen,zoo,DE,https://www.tierpark-badkoesen.de/,Q110324148
Tierpark Bad Liebenstein,zoo,DE,http://www.tierpark-bad-liebenstein.de/,Q1315270
Tierpark Eilenburg,zoo,DE,https://tierpark-eilenburg.de/,Q2432277
Tierpark Fauna,zoo,DE,http://www.tierpark-fauna.de/,Q1301309
Tierpark Freiberg,zoo,DE,,Q70873410
Tierpark Gettorf,zoo,DE,https://tierparkgettorf.de,Q1423088
Tierpark Herborn,zoo,DE,https://www.tierpark-herborn.de/,Q1591277
Tierpark Herford,zoo,DE,http://www.tierpark-herford.de/,Q2432287
Tierpark Hexentanzplatz,zoo,DE,https://www.bodetal.de/bodetalurlaub/tierpark/,Q110965513
Tierpark Klosterwald,zoo,DE,https://www.tierpark-klosterwald.de/,Q20666027
Tierpark Limbach-Oberfrohna,zoo,DE,https://www.amerika-tierpark.de/,Q2432293
Tierpark Nadermann,zoo,DE,https://www.tierpark-nadermann.de/,Q1527494
Tierpark Nymphaea,zoo,DE,https://www.tierpark-nymphaea.de,Q110964006
Tierpark Perleberg,zoo,DE,http://www.tierparkperleberg.de/,Q1695896
Tierpark Recklinghausen,zoo,DE,https://tierpark-recklinghausen.de/,Q2432185
Tierpark Rheinböllen,zoo,DE,https://www.tierpark-rheinboellen.de/,Q1487826
Tierpark Senftenberg,zoo,DE,,Q104725180
Tierpark Ströhen,zoo,DE,http://www.tierpark-stroehen.de/,Q2432304
Tierpark Suhl,zoo,DE,http://www.tierpark-suhl.eu/,Q19310052
Tierpark Weißwasser,zoo,DE,http://www.tierpark-weisswasser.de/,Q1628644
Tierpark Wismar,zoo,DE,http://www.tierpark-wismar.de/,Q27926364
Tierpark Wittenberg,zoo,DE,http://www.tierpark-wittenberg.de/,Q54940210
Tierpark Wolgast,zoo,DE,http://www.tierparkwolgast.de/,Q1521397
Tigerpark Dassow,zoo,DE,https://tigerpark.de/,Q15850928
"Trappenkamp, Naturerlebnisraum Erlebniswald",zoo,DE,,Q1355417
Trassenheide butterfly farm,zoo,DE,,Q108749991
Tropenzoo Bansin,zoo,DE,http://www.tropenhaus-bansin.eu/,Q1724108
Vogelburg,zoo,DE,http://www.vogelburg.de/,Q2529929
Vogelpark Abensberg,zoo,DE,https://www.vogelpark-abensberg.de,Q2530013
Vogelpark Biebesheim,zoo,DE,,Q2530017
Vogelpark Heiligenkirchen,zoo,DE,https://www.vogelpark-heiligenkirchen.de/,Q2530026
Vogelpark Niendorf,zoo,DE,https://www.vogelpark-niendorf.de/,Q2530029
Vogelpark Viernheim,zoo,DE,https://www.vogelpark-viernheim.de/,Q19968232
Wild- und Freizeitpark Allensbach,zoo,DE,https://www.wildundfreizeitpark.de/,Q2570242
Wild- und Freizeitpark Ostrittrum,zoo,DE,http://www.freizeitpark-ostrittrum.de/,Q18029651
Wild-Park Klaushof,zoo,DE,,Q1280090
Wildfreigehege Bend,zoo,DE,,Q1245716
Wildgatter Oberrabenstein,zoo,DE,https://www.chemnitz.de/chemnitz/de/leben-in-chemnitz/freizeit/tierpark/wildgatter/index.html,Q101749588
Wildgehege Hellenthal,zoo,DE,http://www.greifvogelstation-hellenthal.de,Q1746922
Wildgehege Moritzburg,zoo,DE,,Q14546448
Wildparadies Tripsdrill,zoo,DE,https://www.tripsdrill.de/de/wildparadies,Q1605346
Wildpark Alte Fasanerie,zoo,DE,,Q2570781
Wildpark An den Eichen,zoo,DE,https://www.schweinfurt.de/leben-freizeit/wildpark/index.html,Q2570855
Wildpark Brudergrund,zoo,DE,,Q98755977
Wildpark Donsbach,zoo,DE,https://www.wildpark-donsbach.de/,Q2570796
Wildpark Eslarn,zoo,DE,https://www.baysf.de/de/wald-erkunden/ausflugsziele-tipps/der-wildpark-stueckberg-eslarn-boehmische-hirsche-mufflon-und-schwarzkittel.html,Q16295423
Wildpark Gersfeld,zoo,DE,http://www.wildpark-gersfeld.de/,Q1440716
Wildpark Hundshaupten,zoo,DE,https://www.wildpark-hundshaupten.de/,Q2570811
Wildpark Knüll,zoo,DE,http://www.wildpark-knuell.de/,Q56452367
Wildpark Mainz-Gonsenheim,zoo,DE,,Q2570817
Wildpark Müden,zoo,DE,https://www.wildparkmueden.de/,Q58415175
Wildpark Neuhaus,zoo,DE,http://www.wildpark-neuhaus.de/,Q2570821
Wildpark Pforzheim,zoo,DE,,Q2570832
Wildpark Poing,zoo,DE,https://www.wildpark-poing.de/,Q2570833
Wildpark Reuschenberg,zoo,DE,https://www.wildpark-lev.de/,Q2570838
Wildpark Rolandseck,zoo,DE,,Q23900982
Wildpark Saarbrücken,zoo,DE,https://www.saarbruecken.de/wildpark,Q55447887
Wildpark Schloss Tambach,zoo,DE,http://www.wildpark-tambach.de/,Q2570849
Wildpark Schorfheide,zoo,DE,,Q2570842
Wildpark Schwarze Berge,zoo,DE,http://www.wildpark-schwarze-berge.de/,Q2570846
Wildpark Tannenbusch,zoo,DE,,Q2570851
Wildpark Tiergarten Weilburg,zoo,DE,https://www.wildpark-weilburg.de/,Q1478370
Wildpark Waldhaus Mehlmeisel,zoo,DE,https://www.waldhaus-mehlmeisel.de/,Q24039827
Wildpark im Grafenberger Wald,zoo,DE,http://www.wildpark-duesseldorf.de/,Q1261659
Wildpark-MV,zoo,DE,http://www.wildpark-mv.de/,Q1969880
WildtierPark Edersee,zoo,DE,https://www.wildtierpark-edersee.eu/,Q2570807
Wildwald Voßwinkel,zoo,DE,https://www.wildwald.de/,Q2570929
Wolfcenter Barme,zoo,DE,https://wolfcenter.de,Q2588883
Wolfspark Werner Freund,zoo,DE,http://www.wolfspark-wernerfreund.de/98language/20francais/index-FR.html,Q123686173
Zoo Aschersleben,zoo,DE,http://www.aschersleben-zoo.de/,Q219996
Zoo Cleves,zoo,DE,http://www.tiergarten-kleve.de/,Q2432183
Zoo Stralsund,zoo,DE,https://zoo.stralsund.de/,Q2432298
Zoo Zabakuck,zoo,DE,http://www.tierpark-zabakuck.de/,Q16295025
Zoo am Rammelsberg,zoo,DE,,Q105825209
Zoo der Minis,zoo,DE,http://www.zooderminis.de/index.asp,Q53584875
Zoologischer Garten Hof,zoo,DE,https://www.zoo-hof.de/,Q220255
AQUA Akvarium & Dyrepark,aquarium,DK,http://www.visitaqua.dk,Q12300112
Hadsund Dyrehave,zoo,DK,http://www.hadsunddyrehave.dk/,Q12314978
ZOOPARK,zoo,DK,,Q12341733
Faiyum Zoo,zoo,EG,,Q12207361
Butterfly Farm,zoo,ES,http://www.mariposario.com/,Q12168351
Deltarium,zoo,ES,,Q5802023
Lanzarote Aquarium,aquarium,ES,http://www.aquariumlanzarote.com/,Q1805628
Monkey Park,zoo,ES,https://www.monkeypark.com/es,Q64495279
Parque Faunístico de Lacuniacha,zoo,ES,https://www.lacuniacha.es/,Q20616351
Särkänniemi Aquarium,aquarium,FI,,Q11895750
Aquarium du Limousin,aquarium,FR,https://aquariumdulimousin.com/,Q2859181
Aquarium du Périgord noir,aquarium,FR,http://aquariumperigordnoir.com/,Q2859184
Aquarium of Trégastel,aquarium,FR,http://www.aquarium-tregastel.com,Q2859190
Bois d'Attilly,zoo,FR,https://www.zoo-attilly.fr/,Q2908963
Domaine zoologique de Pescheray,zoo,FR,http://www.pescheray.com/,Q16507751
Jardin zoologique de Marseille,zoo,FR,,Q3162628
La Tanière,zoo,FR,https://lataniere-refuge.fr/,Q110088049
La planète des Crocodiles,zoo,FR,https://www.terre-de-dragons.com/,Q3214175
NaturoSpace,zoo,FR,https://www.naturospace.com/,Q123785427
Océarium Le Croisic,aquarium,FR,http://www.ocearium-croisic.fr,Q16509816
Parc Argonne Découverte,zoo,FR,https://www.parc-argonne-decouverte.fr/,Q3363768
Parc animalier de Charleville-Mézières,zoo,FR,http://www.charleville-mezieres.fr/Sport-et-loisirs/Les-loisirs/Parc-animalier,Q17347161
Parc animalier de Courzieu,zoo,FR,http://www.parc-de-courzieu.fr,Q3363933
Parc animalier de Gramat,zoo,FR,https://www.gramat-parc-animalier.com/,Q3363936
Parc zoologique et forestier Michel-Corbasson,zoo,FR,https://www.province-sud.nc/divers/parc-zoologique-forestier,Q3364799
Planet Ocean Montpellier,aquarium,FR,https://www.planetoceanworld.fr/,Q3290344
Reptiland,zoo,FR,http://www.reptiland.fr/,Q24932132
Rocamadour Monkey Forest,zoo,FR,https://www.la-foret-des-singes.com/en/,Q64875484
Théâtre de Poséidon,aquarium,FR,https://www.parcasterix.fr/spectacles-du-parc/reverence,Q18214522
Village des tortues,zoo,FR,https://www.tortupole.com/,Q3558984
"Butterfly World, Isle of Wight",zoo,GB,http://www.butterfly-world-iow.co.uk,Q5002963
National Sea Life Centre,aquarium,GB,http://www.sealifeeurope.com,Q6978303
New Forest Wildlife Park,zoo,GB,http://www.newforestwildlifepark.co.uk/,Q7007642
"Tropical Birdland, Leicestershire",zoo,GB,http://www.tropicalbirdland.com/,Q7845760
Aquaworld Aquarium,aquarium,GR,http://www.aquaworld-crete.com/,Q4782841
Aquarium Pula,aquarium,HR,,Q114420681
Bear Farm Veresegyház,zoo,HU,http://medveotthon.hu/,Q1421031
Budakeszi Game Preserve,zoo,HU,http://www.vadaspark-budakeszi.hu/,Q20819836
Debrecen Amusement Park,zoo,HU,http://www.zoodebrecen.hu/,Q20746419
Tropicarium,aquarium,HU,,Q22158063
Bali Butterfly Park,zoo,ID,,Q30672224
Bali Zoo,zoo,ID,,Q75331465
Gita Persada Butterfly Park,zoo,ID,,Q5565036
Kemenuh Butterfly Park,zoo,ID,,Q60768800
Pematang Siantar Zoo,zoo,ID,,Q12490160
Birding center in Eilat,zoo,IL,https://eilatbirds.com/,Q113232241
Gan Guru,zoo,IL,http://www.nirtours.co.il/%D7%92%D7%9F_%D7%92%D7%95%D7%A8%D7%95,Q42796626
Hai Kef,zoo,IL,,Q16132548
Petah Tikva Zoo,zoo,IL,,Q38882839
Tel Aviv University Zoo,zoo,IL,http://zoo.tau.ac.il/,Q16132554
Zoo-Botanical Garden Nahariya,zoo,IL,,Q41636597
Amirthi Zoological Park,zoo,IN,http://www.vellore.tn.nic.in/amirthi_zoological_park.htm,Q4746784
Gopalpur Zoo,zoo,IN,,Q18125200
Jambu Zoo,zoo,IN,https://jambuzoo.org/,Q138667725
Kanan Pendari Zoo,zoo,IN,,Q130365128
Menjor Multipurpose Research Centre and Unity Park,zoo,IN,,Q118107423
Nandanvan Jungle Safari,zoo,IN,https://www.junglesafari.cg.nic.in/,Q107079912
Siddharth Garden and Zoo,zoo,IN,,Q61368132
Shiraz Zoo,zoo,IR,,Q120715772
Vakilabad Zoo,zoo,IR,,Q5939541
Acquario dell'Elba,aquarium,IT,http://www.acquarioelba.com,Q3604677
Butterfly house of Bordano,zoo,IT,https://www.bordanofarfalle.it/,Q133755718
Cala Gonone aquarium,aquarium,IT,http://www.acquariocalagonone.it/,Q16336127
Città della Domenica,zoo,IT,http://www.cittadelladomenica.it/,Q3678441
Municipal Aquarium (Livorno),aquarium,IT,https://www.acquariodilivorno.it/,Q3604676
Parco Faunistico di Spormaggiore,zoo,IT,http://www.parcofaunistico.tn.it,Q55434355
Adachi Park of Living Things,aquarium,JP,https://seibutuen.jp/,Q11636941
Akiyoshidai Safari Land,zoo,JP,https://www.safariland.jp/,Q11594892
Amami Islands Botanical Garden,zoo,JP,,Q4739454
Aquamarine Inawashiro Kingfishers Aquarium,aquarium,JP,https://www.aquamarine.or.jp/kawasemi/,Q38266933
Aquapia Akutagawa,aquarium,JP,https://www.city.takatsuki.osaka.jp/life/6/60/310/,Q11257046
Art Aquarium Museum,aquarium,JP,https://artaquarium.jp/,Q116921556
Awaji Farm Park England Hill,zoo,JP,https://www.england-hill.com/,Q97539508
Awajishima Monkey Center,zoo,JP,https://monkey-center.jp/english.php,Q138936537
Awashima Marine Park,aquarium,JP,http://marinepark.jp/english/,Q83789636
Bear Garden,zoo,JP,http://hahaha.akita.jp/wp/kumakuma/,Q11657210
Campbelltown Forest of Wild Birds,zoo,JP,https://yacho-nomori.kosi-kanri.com/,Q11297401
Fuji Safari Park,zoo,JP,https://www.fujisafari.co.jp/,Q11455860
Fukuchiyama City Zoo,zoo,JP,http://www.sandanike-kouen.or.jp/zoo.php,Q11594327
Gunma Safari Park,zoo,JP,https://www.safari.co.jp/,Q11609531
Hamamatsu Zoological Gardens,zoo,JP,https://hamazoo.net/,Q11557788
Hamura Zoo,zoo,JP,http://www.t-net.ne.jp/~hamura-z/html/en/,Q11610196
Hekinan Seaside Aquarium,aquarium,JP,https://www.city.hekinan.lg.jp/aquarium/,Q11587774
Hitachi Kamine Zoo,zoo,JP,https://www.city.hitachi.lg.jp/zoo/,Q11510043
Ichihara Elephant Kingdom,zoo,JP,https://zounokuni.com/english/,Q11480016
Ichikawa Zoological & Botanical Garden,zoo,JP,https://www.city.ichikawa.lg.jp/zoo/,Q11480258
Ishikawa Zoo,zoo,JP,https://www.ishikawazoo.jp/,Q11259212
Itōzu no Mori Zoological Park,zoo,JP,https://www.itozu-zoo.jp/,Q11396953
Izu Animal Kingdom,zoo,JP,http://izu-kamori.jp/izu-biopark/,Q11380529
Japan Snake Center,zoo,JP,https://www.snake-center.com/,Q11309982
Kakegawa Kachoen,zoo,JP,https://k-hana-tori.com/eng,Q11498237
Kanazawa Zoo,zoo,JP,https://www.hama-midorinokyokai.or.jp/zoo/kanazawa/,Q11543159
Kasumigaura City Aquarium,aquarium,JP,https://www.dane-kerry.com/aquarium.html,Q21652750
Kinosaki Marine World,aquarium,JP,https://marineworld.hiyoriyama.co.jp/,Q11426136
Kiryū-ga-oka Park,zoo,JP,http://www.city.kiryu.lg.jp/zoo/,Q11537258
Komoro City Zoo,zoo,JP,https://www.city.komoro.lg.jp/soshikikarasagasu/kaikoenjimusho/shisetsuannai/1/midori/,Q11463704
Kuragaike Park,zoo,JP,https://kuragaikepark.com/,Q11663873
Kurume City Bird Center,zoo,JP,https://kurumekoen.org/birdc/,Q11369532
Kusatsu Tropical Wonderland,zoo,JP,http://nettaiken.com/,Q11618188
Kushiro Zoo,zoo,JP,https://www.city.kushiro.lg.jp/zoo/,Q11648278
Kōchi Prefectural Ashizuri Aquarium Satoumi,aquarium,JP,https://kaiyoukan.jp/,Q99611864
Machida Squirrel Garden,zoo,JP,https://www.machida-risuen.com/,Q11578268
Minami Chita Beach Land,aquarium,JP,https://www.beachland.jp/,Q11408304
Minatoyama Aquarium,aquarium,JP,https://minatoyama.jp/,Q123566518
Moguranpia,aquarium,JP,https://www.moguranpia.com/,Q11279914
Mollusco Mugi,aquarium,JP,https://www.mollusco-mugi.jp/,Q11344566
Muroran Aquarium,aquarium,JP,http://www.iburi.net/murosui/,Q11480658
NEW REOMA WORLD,zoo,JP,http://www.newreomaworld.com/,Q11324991
Nagano Chausuyama Zoo,zoo,JP,http://www.chausuyama.com/,Q11654197
Nagasaki Bio Park,zoo,JP,http://www.biopark.co.jp/,Q11652345
Nagisa Aquarium,aquarium,JP,https://nagisapark.jimdofree.com/%E3%81%AA%E3%81%8E%E3%81%95%E6%B0%B4%E6%97%8F%E9%A4%A8/,Q48752477
Neo Park Okinawa,zoo,JP,https://www.neopark.co.jp/,Q11325259
Nifrel,aquarium,JP,https://www.nifrel.jp/,Q21654084
Niigata City Aquarium Marinepia Nihonkai,aquarium,JP,https://www.marinepia.or.jp/mlg/zh-tw,Q11502898
Noichi Zoological Park of the Kochi Prefecture,zoo,JP,https://noichizoo.or.jp/,Q11672436
Obihiro Zoo,zoo,JP,https://www.city.obihiro.hokkaido.jp/zoo/,Q11262347
Ojiya Nishikigoi no Sato,aquarium,JP,https://www.nishikigoinosato.jp/,Q11650572
Okazaki City Higashi Park,zoo,JP,http://www.city.okazaki.aichi.jp/1100/1107/1149/p006023.html,Q11526061
Okuhida Bear Park,zoo,JP,https://kumabokujyo.com/,Q11446176
Omachi Alpine Museum,zoo,JP,https://www.omachi-sanpaku.com/,Q11437989
Osaka Water Museum,aquarium,JP,https://www.city.osaka.lg.jp/suido/page/0000412074.html,Q11549303
Sagamigawa Fureai Science Museum,aquarium,JP,https://sagamigawa-fureai.com/,Q11582155
Sahoro Resort Bear Mountain,zoo,JP,https://bear-mt.jp/,Q11305053
Saitama Aquarium,aquarium,JP,https://www.parks.or.jp/suizokukan/,Q11267523
Saitama Children's Zoo,zoo,JP,https://www.parks.or.jp/sczoo/,Q11266568
Sakai National Park Kujukushima Zoo & Botanical Garden,zoo,JP,https://morikirara.jp/,Q7425054
Sapporo Salmon Museum,aquarium,JP,https://salmon-museum.jp/lang/zh-tw,Q11521425
Shima Marineland,aquarium,JP,,Q11490912
Shimoda Aquarium,aquarium,JP,https://shimoda-aquarium.com/shimoda-aquarium-overview/,Q11361202
Shizuoka Municipal Nihondaira Zoo,zoo,JP,https://www.nhdzoo.jp/,Q11508065
Sunpiazza Aquaruim,aquarium,JP,https://www.sunpiazza-aquarium.com/,Q11305917
Suzaka Zoo,zoo,JP,https://www.city.suzaka.nagano.jp/suzaka_zoo/,Q11664521
Taiji Whale Museum,aquarium,JP,http://www.kujirakan.jp/,Q11265357
Takeshima Aquarium,aquarium,JP,https://www.city.gamagori.lg.jp/site/takesui/,Q11599117
Tateshina Amusement Aquarium,aquarium,JP,https://www.tateshina-aquarium.jp/,Q11621781
Teradomari Aquarium,aquarium,JP,https://aquarium-teradomari.jp/language,Q61722200
Tohoku Safari Park,zoo,JP,http://tohoku-safaripark.co.jp/,Q11526117
Tokuyama Zoo,zoo,JP,https://tokuyama-zoo.jp/,Q11416862
Toyama Municipal Family Park Zoo,zoo,JP,http://www.toyama-familypark.jp/,Q11456382
Toyohashi Zoo and Botanical Park,zoo,JP,https://www.nonhoi.jp/,Q11633858
Utsunomiya Zoo,zoo,JP,http://utsunomiya-zoo.com/,Q48749937
Wakkanai Noshappu Aquarium,aquarium,JP,https://www.city.wakkanai.hokkaido.jp/suizokukan/,Q11596319
Yama no Aquarium,aquarium,JP,https://onneyu-aq.com/,Q11465797
Yumemigasaki Zoological Park,zoo,JP,https://www.yumemizoo.com/,Q11431697
Zero Distance Aquarium Ise Sea Paradise,aquarium,JP,https://ise-seaparadise.com/,Q11371781
iZoo,zoo,JP,http://izoo.co.jp/,Q11224474
Ōmiya Park Zoo,zoo,JP,https://www.parks.or.jp/omiyazoo/,Q11434398
Aqua Planet Jeju,aquarium,KR,,Q107008851
Ridiyagama Safari Park,zoo,LK,,Q25247987
Dolphinarium in Klaipėda,aquarium,LT,,Q20504488
Escher Déierepark,zoo,LU,https://deierepark.esch.lu/fr/accueil/,Q122984293
Casela World of Adventures,zoo,MU,http://www.caselapark.com/,Q2940908
Acuario Michin Guadalajara,aquarium,MX,,Q109875161
Bioparque Estrella,zoo,MX,https://bioparquemonterrey.mx/,Q27791459
"Bioparque de Convivencia en Pachuca, Hidalgo",zoo,MX,,Q69171357
Parque del Centenario,zoo,MX,,Q6062597
Zacango Zoo,zoo,MX,,Q6171792
Underwater World Langkawi,aquarium,MY,https://www.underwaterworldlangkawi.com,Q48769612
Sanda Kyarimi Park Zoo,zoo,NG,,Q109356031
UNILORIN Zoo,zoo,NG,,Q107247858
National Zoo of Nicaragua,zoo,NI,http://www.zoologico.org.ni,Q12011264
Oslo Reptilpark,zoo,NO,https://www.reptilpark.no/,Q11994240
Wingspan National Bird of Prey Centre,zoo,NZ,https://www.wingspan.co.nz,Q108374722
Parque Natural de Pucallpa,zoo,PE,,Q6063110
Albay Park and Wildlife,zoo,PH,,Q25663373
Cebu Safari and Adventure Park,zoo,PH,https://cebusafari.ph,Q85751068
Ninoy Aquino Parks & Wildlife Center,zoo,PH,,Q7039114
Kund Park,zoo,PK,,Q6444237
Landhi Korangi Zoo,zoo,PK,,Q6484561
Vehari Wildlife Park,zoo,PK,,Q7918400
Akcent Zoo in Białystok,zoo,PL,,Q9143242
European Bison Show Farm in Pszczyna,zoo,PL,http://zubry.pszczyna.pl/en/,Q11821245
European bison sanctuary in Wolin National Park,zoo,PL,,Q9385870
Exotarium Sosnowiec,zoo,PL,,Q9251671
Kadzidłowo Zoo,zoo,PL,,Q11811318
Leszno Zoo,zoo,PL,,Q18432915
Mini Zoo Zielona Góra,zoo,PL,,Q140030221
Mini Zoo Żywiec,zoo,PL,,Q130649025
Safari Borysew Zoo,zoo,PL,https://zoosafari.com.pl/,Q21094200
Sea Park Sarbsk,zoo,PL,https://seapark.pl/,Q125055865
The Zoological Garden of Polish Fauna,zoo,PL,https://zoo.bydgoszcz.com/,Q11796753
Zoo Nowy Tomyśl,zoo,PL,,Q18203498
Belgorod Zoo,zoo,RU,http://belzoopark.ru,Q4081722
Bird Park,zoo,RU,,Q4125113
Chita Zoo,zoo,RU,,Q4516672
Kudykina Gora,zoo,RU,,Q4244661
Lipetsk Zoo,zoo,RU,https://zoo48.ru/,Q4262489
Murmansk Oceanarium,aquarium,RU,http://океанариум51.рф,Q4308114
"Ocean Park, Krasnodar",aquarium,RU,http://oceanariumkrd.ru,Q18590217
Oceanarium of Vladivostok,aquarium,RU,http://www.akvamir.org/,Q4112966
Penza Zoo,zoo,RU,http://www.zoo-penza.ru,Q4348485
Primorsky Aquarium,aquarium,RU,http://primocean.ru/,Q16688355
Ryazhsk Zoo,zoo,RU,,Q86667351
Seversk Zoo,zoo,RU,http://zoo-seversk.ru/,Q4412623
Starooskolsky Zoo,zoo,RU,https://oskolzoo.ru/,Q96623400
Yakutsk Zoo,zoo,RU,,Q4537274
Zoopark Chelyabinsk,zoo,RU,,Q4508704
Zoopark Limpopo,zoo,RU,,Q16671327
Rainforest Wild Asia,zoo,SG,https://www.mandai.com/zh/rainforest-wild-asia.html,Q134437707
Zoo Kontakt,zoo,SK,https://zookontakt.sk/,Q101063224
Neotropical Butterfly Park,zoo,SR,http://www.butterflyparksuriname.com/,Q67784193
Lopburi Zoo,zoo,TH,,Q13022372
Safari Park Open Zoo,zoo,TH,http://www.safaripark-kan.com/,Q13014565
Penghu Aquarium,aquarium,TW,,Q22031680
Taichung Aquarium,aquarium,TW,https://tcaqua.com.tw/,Q135927744
Зоопарк ХІІ Місяців,zoo,UA,,Q31891070
African Safari Wildlife Park,zoo,US,https://www.africansafariwildlifepark.com,Q4689906
Alexandria Zoological Park,zoo,US,http://www.thealexandriazoo.com,Q4721004
Amarillo Zoo,zoo,US,https://zoo.amarillo.gov/,Q80499606
Bearizona,zoo,US,,Q124681398
Bergen County Zoological Park,zoo,US,https://www.co.bergen.nj.us/bergen-county-zoo/zoo-main,Q34897344
Bluebird Gap Farm,zoo,US,http://www.hampton.gov/bbgf/,Q4930247
Bramble Park Zoo,zoo,US,http://www.brambleparkzoo.com,Q4956116
California Living Museum,zoo,US,http://www.calmzoo.org,Q5020672
Carolina Tiger Rescue,zoo,US,http://www.carolinatigerrescue.org/,Q5044904
Catskill Game Farm,zoo,US,http://catskillgamefarm.com/,Q2943001
Chahinkapa Zoo,zoo,US,http://www.chahinkapazoo.org/,Q5067687
Chehaw Park,zoo,US,http://chehaw.org/,Q7756167
Children's Aquarium at Fair Park,aquarium,US,http://www.childrensaquariumfairpark.com,Q5098018
Clearwater Marine Aquarium,zoo,US,http://seewinter.com/,Q5130943
Colorado Gators Reptile Park,zoo,US,http://www.gatorfarm.com,Q5148807
Colorado Wolf and Wildlife Center,zoo,US,https://www.wolfeducation.org/,Q65622010
Endangered Wolf Center,zoo,US,https://www.endangeredwolfcenter.org/,Q5375952
Everglades Alligator Farm,zoo,US,https://everglades.com/,Q68173779
Global Wildlife Center,zoo,US,https://www.globalwildlife.com/,Q97610122
Great Bend Zoo,zoo,US,,Q24887967
Great Lakes Aquarium,aquarium,US,http://www.glaquarium.org,Q5599417
HollyWild Animal Park,zoo,US,http://www.hollywild.com/,Q5881872
Idaho Aquarium,zoo,US,http://idahoaquarium.net/,Q5987303
Louisiana Purchase Gardens and Zoo,zoo,US,http://www.monroezoo.org/,Q6689256
Menominee Park Zoo,zoo,US,https://www.oshkoshzoo.org/,Q96392650
Mississippi Aquarium,aquarium,US,,Q104856164
Muskingum County Animal Farm,zoo,US,,Q6942794
NOVA Wild,zoo,US,https://novawild.org,Q7316188
Out of Africa Wildlife Park,zoo,US,https://outofafricapark.com/,Q22978671
Oxbow Park and Zollman Zoo,zoo,US,https://www.co.olmsted.mn.us/pw/parks/oxbowpark/Pages/default.aspx,Q7115140
Popcorn Park Zoo,zoo,US,https://ahscares.org/popcorn-park,Q7229127
Reptile World Serpentarium,zoo,US,,Q24260926
Safari West,zoo,US,http://www.safariwest.com,Q7398400
Seaside Aquarium,zoo,US,http://www.seasideaquarium.com,Q7441827
Space Farms Zoo and Museum,zoo,US,http://www.spacefarms.com,Q7572346
Squam Lakes Natural Science Center,zoo,US,http://www.nhnature.org,Q7581928
Tanganyika Wildlife Park,zoo,US,https://twpark.com/,Q108801638
Tregembo Animal Park,zoo,US,http://www.tregemboanimalpark.com/,Q22061108
West Virginia State Wildlife Center,zoo,US,http://www.wvdnr.gov/Wildlife/WildlifeCenter.shtm,Q7986920
Wildlife Prairie Park,zoo,US,,Q8001311
Zoológico Municipal Dr. Mauricio López Lomba,zoo,UY,,Q17274900
Paraguaná Zoo,zoo,VE,,Q6171785
Cango Wildlife Ranch,zoo,ZA,https://www.cango.co.za/,Q5032347
Drakenstein Lion Park,zoo,ZA,,Q55609994
East London Zoo,zoo,ZA,,Q16511778
The Elephant Sanctuary Hartbeespoort Dam,zoo,ZA,,Q7731760
The National Aquarium Abu Dhabi,aquarium,AE,https://thenationalaquarium.ae/,Q111464720
Zoológico de Sáenz Peña,zoo,AR,http://www.municipiosp.com.ar/complejo-ecologico-municipal,Q13605580
Alpine Wildlife Park Pfänder,zoo,AT,https://www.pfaenderbahn.at/de/erlebnis/alpenwildpark,Q124165556
Tierpark Streichelzoo Wildgehege Hohe Wand,zoo,AT,,Q21877777
"Australian Wildlife Park, Albany",zoo,AU,,Q111821178
Zoodoo Wildlife Park,zoo,AU,http://www.zoodoo.com.au,Q8074096
Philip's Animal Garden (Aruba),zoo,AW,https://www.philipsanimalgarden.com/,Q135511956
Radiant Fish World,aquarium,BD,http://www.radiantfishworld.com/,Q55232305
Ferme du Parc Maximilien - Boerderij van het Maximiliaanpark,zoo,BE,http://www.lafermeduparcmaximilien.be/,Q110041201
Mont Mosan,zoo,BE,http://www.montmosan.be/index.asp?doc_id=1,Q3321963
Blagoevgrad Zoo,zoo,BG,,Q108475856
AgouaLand,zoo,BJ,https://agoualand.com/,Q130240731
Acqua Mundo,aquarium,BR,http://www.acquamundo.com.br/,Q50887201
Catavento Butterfly house,zoo,BR,,Q69254508
Jacques Huber Aquarium,aquarium,BR,,Q123456955
Municipal Aquarium of Cuiabá,aquarium,BR,,Q124253394
Underground aquarium at Jardim da Luz,aquarium,BR,,Q55186828
Zoo das Aves,zoo,BR,https://zoodasaves.com.br/,Q124361484
Zoobotanic Park of Brusque,zoo,BR,,Q121094903
Zoológico Municipal Doutor Flávio Leite Ribeiro,zoo,BR,,Q56695189
Zoológico do CIGS,zoo,BR,https://zoo.cigs.eb.mil.br/,Q102222071
Zooparque Itatiba,zoo,BR,http://zooparque.com.br/,Q47785658
Beacon Hill Children's Farm,zoo,CA,https://beaconhillchildrensfarm.ca/,Q135935461
High Park Zoo,zoo,CA,http://www.highparktoronto.com/zoo.php,Q53336437
Huntsman Fundy Discovery Aquarium,aquarium,CA,,Q136565120
Zoo de Falardeau,zoo,CA,http://www.zoodefalardeau.com/,Q66169869
Plättli Zoo,zoo,CH,,Q21973904
Sikypark,zoo,CH,https://www.sikypark.ch,Q56261042
La Serena Zoo,zoo,CL,,Q17636165
Badaling Zoo,zoo,CN,http://www.bdlsw.com.cn,Q15938016
Ukumarí Biopark,zoo,CO,https://ukumari.org/,Q116671518
Havana Zoo,zoo,CU,,Q6171782
Paphos Zoo,zoo,CY,https://www.pafoszoo.com/,Q115054898
Divoká zahrada Hostivař,zoo,CZ,https://lhmp.cz/zachranna-stanice/lesni-zookoutky/divoka-zahrada-hostivar/,Q108862156
"Garden Na Valech, Brandýs nad Labem",zoo,CZ,,Q136432771
Metalzoo Staré Město,zoo,CZ,https://www.kovozoo.cz,Q138411654
Papilonia Brno,zoo,CZ,https://papilonia.cz/cs/,Q121084826
Ringelland,zoo,CZ,,Q50981712
Zoopark Milíčov,zoo,CZ,https://www.facebook.com/p/Zoopark-Mil%C3%AD%C4%8Dov-100030921956627/,Q129998568
zookoutek Kamýk,zoo,CZ,https://lhmp.cz/zachranna-stanice/lesni-zookoutky/zookoutek-kamyk/,Q101244596
Allgäuer Schmetterling Erlebniswelt,zoo,DE,https://schmetterling-erlebniswelt.de/,Q119173036
Aquarium Kiel,aquarium,DE,,Q55721657
Cologne Zoo Aquarium,aquarium,DE,,Q105713262
Darwineum,zoo,DE,http://www.darwineum-zoo-rostock.de/,Q18019233
Erlebnistierpark Jägerhof,zoo,DE,,Q1264982
Erlebnistierpark Memleben,zoo,DE,https://erlebnistierpark.de/,Q117319074
Falconry Herrmann,zoo,DE,https://falknerei-herrmann.de/pages/de/start.php,Q117026538
Falkenstein National Park Centre,zoo,DE,https://www.nationalpark-bayerischer-wald.bayern.de/besucher/einrichtungen/npz_falkenstein/index.htm,Q130686783
Falknerei Bergisch Land,zoo,DE,https://www.falknerei-bergischland.de/,Q115287174
Game Reserve Schmidt,zoo,DE,https://wildpark-schmidt.de/,Q107059435
Geising Wildlife Park,zoo,DE,https://www.wildpark-osterzgebirge.de/,Q127917633
Greifvogelpark Saarburg,zoo,DE,https://www.greifvogelpark-saarburg.de/,Q80306932
Hasseldieksdamm wildlife park,zoo,DE,,Q94532085
Ludwigshafen-Rheingönheim Wildlife Park,zoo,DE,https://wildpark.ludwigshafen.de/,Q65511273
Lusen National Park Centre,zoo,DE,https://www.nationalpark-bayerischer-wald.bayern.de/besucher/einrichtungen/npz_lusen/index.htm,Q109627788
Remstecken,zoo,DE,,Q2143175
Sea dog basin Kiel,aquarium,DE,,Q55758537
Tannenberg wildlife park,zoo,DE,,Q91013319
Tiergarten Am Tiergarten 12 in Nürnberg,zoo,DE,,Q98629586
Tiergarten Am Tiergarten 14 in Nürnberg,zoo,DE,,Q98629587
Tiergarten Am Tiergarten 6 in Nürnberg,zoo,DE,,Q98629583
Tiergarten Sonneberg,zoo,DE,https://www.foerderverein-tiergarten-sonneberg.de/,Q116838438
Tierpark Arche Noah Klötze,zoo,DE,,Q2432310
Tierpark Göppingen,zoo,DE,http://www.tierpark-goeppingen.de/,Q2432283
Tierpark Klingenthal,zoo,DE,https://www.klingenthal.de/DE/Gaesteservice/Ausflugs-Tipps/Tierpark/index.html,Q62030381
Tierpark Petermoor,zoo,DE,https://www.tierpark-bassum.de/,Q55956438
Tierpark Röhrensee,zoo,DE,https://www.tierpark-roehrensee.de/,Q56283724
Tierpark Walldorf,zoo,DE,https://www.tierpark-walldorf.de/,Q127473371
Vogel- und Tierpark Irgenöd,zoo,DE,http://www.vogelpark-irgenoed.de/,Q15853066
Vogelpark Plankstadt,zoo,DE,http://www.vogelparkplankstadt.de/,Q117084324
Wiesenpark Oschersleben,zoo,DE,,Q2569469
Wildfreigehege Wolfsrat,zoo,DE,https://www.saarwellingen.de/index.php?id=164,Q76450708
Wildgehege Dodenau,zoo,DE,,Q2570709
Wildgehege Hochhausen,zoo,DE,,Q46595153
Wildgehege Hufeisen,zoo,DE,https://www.wildgehege-hufeisen.de/,Q110965144
Wildlife Enclosure Herborn,zoo,DE,https://www.wildgehege-herborn.de/,Q49720041
Wildpark Bad Marienberg,zoo,DE,,Q2570784
Wildpark Bilsteintal,zoo,DE,https://bilsteintal.de/,Q64221090
Wildpark Diedrichsburg,zoo,DE,,Q2570794
Wildpark Frankenhof,zoo,DE,https://www.wildpark-frankenhof.de/,Q110338619
Wildpark Hardegsen,zoo,DE,https://www.wildpark-hardegsen.de/,Q123041180
Wildpark Malente,zoo,DE,http://www.wildpark-malente.de/wildpark.html,Q110417990
Wildpark Mölln,zoo,DE,https://www.naturparkzentrum-uhlenkolk.de/poi/wildpark-moelln,Q119047871
Wildpark Schwarzach,zoo,DE,http://www.wildpark-schwarzach.de/,Q59156904
Wildpark Völklingen,zoo,DE,https://www.voelklingen.de/oeffentliche-einrichtungen/wald-wildparks-forstwirtschaft/,Q105406671
Zoo Mainz,zoo,DE,https://mainz.de/freizeit-und-sport/im-gruenen/zoo-mainz/zoo-mainz.php#SP-grouplist-16-1:1,Q220059
Glad Zoo,zoo,DK,https://www.gladzoo.dk/,Q107689682
Hjortdal Dyrefarm,zoo,DK,https://hjortdaldyrefarm.dk,Q57408994
Jyllandsakvariet,aquarium,DK,http://www.jyllandsakvariet.dk/,Q61771823
Munkholm Zoo,zoo,DK,http://www.munkholmzoo.dk/,Q66371106
Nordsø Akvariet,aquarium,DK,http://www.north-sea.dk,Q12329235
Øresund Aquarium,aquarium,DK,http://www.oresundsakvariet.ku.dk/,Q12342036
Parque Cóndor,zoo,EC,https://www.parquecondor.com/,Q117358068
Parque Real De Aves Exoticas,zoo,EC,,Q131317892
Yanacocha Animal Rescue Centre,zoo,EC,https://yanacocharescue.com/,Q131317953
Dolphin World Egypt,aquarium,EG,https://www.dolphinworldegypt.com/ru,Q131673270
El Mansoura zoo,zoo,EG,,Q12207362
Red Sea Aquarium,aquarium,EG,,Q125030690
zoo el-Zagazig,zoo,EG,,Q20419098
zoo of Beni Suef,zoo,EG,,Q12207363
Acuario do Grove,aquarium,ES,https://acuariodogrove.es/,Q113435736
Castellar Zoo,zoo,ES,https://www.zoodecastellar.es/,Q63993040
"Crocodile Park, Torremolinos",zoo,ES,,Q137921171
Guinate Tropical Park,zoo,ES,,Q64495362
Lobo Park,zoo,ES,http://www.lobopark.com/,Q63993007
Seville Zoo,zoo,ES,http://www.zoodesevilla.es/,Q6171745
Zoo de Guadalajara,zoo,ES,http://www.zooguadalajara.es,Q64006794
Aquarium d'Allex,aquarium,FR,https://www.aquarium-des-tropiques.com/fr/,Q111049191
Fauconnerie du Puy du Fou,zoo,FR,,Q3067346
Jardins des papillons (Hunawihr),zoo,FR,,Q21170897
La Ferme des Reptiles,zoo,FR,https://www.lafermedesreptiles.fr/,Q113905941
La Serre aux papillons,zoo,FR,http://www.serreauxpapillons.com//,Q16964707
Labenne's zoo,zoo,FR,https://www.zoo-labenne.com/,Q66897941
Le Parc australien,zoo,FR,https://www.leparcaustralien.fr/espagnol/,Q107558758
Micro Zoo de Saint Malo,zoo,FR,https://microzoo.fr/,Q116024970
Oniria,aquarium,FR,https://www.oniria.fr/,Q109265407
Parc Animalier d'Écouves,zoo,FR,,Q135655695
Parc animalier Montaigu la Brisette,zoo,FR,,Q135742269
Parc de Saint-Vrain,zoo,FR,,Q3364159
Refuge de l'Arche,zoo,FR,http://www.refuge-arche.org,Q19951248
Reptilarium du Larzac,zoo,FR,https://www.reptilarium-larzac.com/,Q126616291
Réserve de bisons d'Europe de Sainte-Eulalie,zoo,FR,http://www.bisoneurope.com,Q3457155
Zoo de Mescoules,zoo,FR,http://www.zoo-de-mescoules.com/,Q100942885
Cotswold Falconry Center,zoo,GB,https://www.cotswold-falconry.co.uk/,Q87333139
Dartmoor Otters & Buckfast Butterflies,zoo,GB,,Q133805908
Eagle Heights Wildlife Foundation,zoo,GB,https://www.eagleheights.co.uk/,Q84042267
Hollywood Cinema,aquarium,GB,,Q31677248
Knaresborough Zoo,zoo,GB,,Q60741156
Porfell Wildlife Park,zoo,GB,http://www.porfell.co.uk/,Q117822338
Seaforde Gardens and Tropical Butterfly House,zoo,GB,https://www.seafordegardens.com/,Q137321780
Sewerby Zoo,zoo,GB,https://www.sewerbyhall.co.uk/zoo/,Q108800549
Southam Zoo,zoo,GB,,Q104847276
The Menagerie,zoo,GB,,Q17545222
"The Menagerie, Stowe Gardens",zoo,GB,,Q26506932
Wildwood Devon,zoo,GB,https://devon.wildwoodtrust.org/,Q136690541
Willow's Birds of Prey & Wildlife Trail,zoo,GB,,Q124650480
Woodside Farm and Wildfowl Park,zoo,GB,,Q8033330
Bird Garden,zoo,HU,https://www.madarkert.hu/,Q118368472
Zoo Gyöngyös,zoo,HU,,Q1030352
Jakarta Aquarium,aquarium,ID,,Q64438207
Medan Zoo,zoo,ID,,Q136687552
Taman Safari Bogor,zoo,ID,https://bogor.tamansafari.com/,Q110282354
Sealife,aquarium,IE,,Q55029991
Monkey Forest,zoo,IL,http://www.kofim.co.il/,Q41794740
Gandhi Zoological Park,zoo,IN,,Q107094445
Kamla Nehru Zoological Garden,zoo,IN,https://www.ahmedabadzoo.in/index.php,Q108689584
"Lalithodyana Aquarium, Dharmasthala",aquarium,IN,,Q137207883
Machia Biological Park,zoo,IN,,Q113011987
Marine Kingdom,aquarium,IN,,Q132296427
Arak Zoo,zoo,IR,,Q123617553
City Park Aquarium (Tehran),aquarium,IR,,Q123659140
Isfahan Reptiles Garden,zoo,IR,,Q123616743
Mellat Park Zoo,zoo,IR,,Q123823450
Milad Tower Dolphinarium,aquarium,IR,,Q124315744
Qom Bird Garden,zoo,IR,,Q140317636
Abruzzo Zoo,zoo,IT,http://www.zooabruzzo.it,Q20010227
Casa delle Farfalle,zoo,IT,https://casadellefarfalle.net/,Q97161243
Collodi Butterfly House,zoo,IT,https://www.pinocchio.it/it/la-casa-delle-farfalle-di-collodi,Q55761417
Parco Gallorose,zoo,IT,http://www.parcogallorose.it/,Q3895398
Aquaterrace Nishikigaoka,aquarium,JP,https://aquaterrace.co.jp/,Q21652335
Hagachizaki Monkey Bay,zoo,JP,https://monkeybay.jp/,Q107012272
Higashiyama Zoo Main Park,zoo,JP,,Q115470771
Higashiyama Zoo Medaka World,aquarium,JP,,Q115283045
Higashiyama Zoo North Park,zoo,JP,,Q115470712
Iida City Zoo,zoo,JP,https://iidazoo.jp/,Q11666524
Iwate Safari Park,zoo,JP,https://www.iwate-safari.jp/,Q11474596
Kamoso Kachoen,zoo,JP,https://kamoltd.co.jp/,Q138753305
Kawasui Kawasaki Aquarium,aquarium,JP,https://kawa-sui.com/,Q97169050
Kinkazan Squirrel Village,zoo,JP,https://www.kinkazan.co.jp/pages/squirrel_village,Q11647835
Kofu city Yuki park zoo,zoo,JP,http://www.city.kofu.yamanashi.jp/zoo/index.html,Q11577814
"Misaki Marine Biological Station, the University of Tokyo",aquarium,JP,,Q11524680
Miyazaki City Phoenix Zoo,zoo,JP,http://www.miyazaki-city-zoo.jp/,Q11454261
Morioka Zoo,zoo,JP,https://zoomo.co.jp/,Q11581372
Nagano City Jōyama Zoo,zoo,JP,https://www.johyama.com/,Q11654175
Nasu Safari Park,zoo,JP,https://www.nasusafari.com/,Q28068900
Roadside station Kihocho Umigame-park,aquarium,JP,https://umigame.info/,Q11641448
SEA LIFE Nagoya,aquarium,JP,https://www.visitsealife.com/japan/,Q53997414
Takaoka Kojō Zoo,zoo,JP,https://www.takaokakojyozoo.jp/,Q11669487
Tamano Marine Museum,aquarium,JP,https://www.city.tamano.lg.jp/site/kaihaku/,Q11572836
Tokushima Zoo,zoo,JP,http://www.city.tokushima.tokushima.jp/zoo/,Q11273093
Uda Animal Park,zoo,JP,https://www.pref.nara.jp/1839.htm,Q56349389
Wakayama Castle Park Zoo,zoo,JP,http://wakayamajo.jp/animal/,Q11417307
Wanpark Kochi Animal Land,zoo,JP,https://www.city.kochi.kochi.jp/deeps/17/1712/animal/,Q11281997
the Aquarium of Shimantogawa River Osakanakan,aquarium,JP,http://www.morinokuni.or.jp/,Q11419591
Ōshima Park Zoo,zoo,JP,https://www.soumu.metro.tokyo.lg.jp/11osima/park/www/htdocs/zoo/,Q109361701
Ōuchiyama Zoo,zoo,JP,http://www.oouchiyama-zoo.com/,Q11432512
Nairobi Safari Walk,zoo,KE,http://www.kws.go.ke/content/nairobi-safari-walk,Q109084332
Ciruli,zoo,LV,https://rigazoo.lv/par-filiali-ciruli/,Q54609194
Dream Village,zoo,MA,https://dreamvillage.ma/,Q131293881
Ecological Center of Sonora,zoo,MX,,Q106463993
Tuzoofari,zoo,MX,http://tuzoofari.mx/,Q97529901
Wamerú zoo,zoo,MX,http://zoowameru.com.mx/,Q107573186
Entopia,zoo,MY,https://www.entopia.com/,Q137938768
Penang Bird Park,zoo,MY,,Q133274431
Poring Butterfly Farm,zoo,MY,,Q135227930
GSU Zoological Garden,zoo,NG,,Q112066364
Drøbak Akvarium,aquarium,NO,https://drobakakvarium.no/,Q23042702
The Little Zoo,zoo,NO,https://denlilledyrehage.no/,Q138511426
Kiwi Valley Farm Park,zoo,NZ,https://www.kiwivalley.co.nz/,Q117801742
West Lynn Garden,zoo,NZ,,Q137660417
Acuario Nautilus,aquarium,PE,https://acuarionautilus.pe/,Q140677731
Huachipa Zoo Park,zoo,PE,http://www.zoohuachipa.com.pe,Q63927776
Mariposario Pilpintuwasi,zoo,PE,,Q20127747
Zoológico del Parque de la Exposición,zoo,PE,,Q95689733
Cebu Ocean Park,aquarium,PH,https://www.cebuoceanpark.com/,Q85751065
DG Khan Zoo,zoo,PK,,Q48732995
Dhodial Pheasantry,zoo,PK,http://dhodialpheasantry.com/,Q5269661
Snake House,zoo,PK,,Q132560669
Aquário da Madeira,aquarium,PT,,Q100268999
Granja Ecoturística Yvambopi,zoo,PY,,Q62071864
Zoo Sibiu,zoo,RO,https://www.zoosibiu.ro/,Q110929549
Dolphinarium in Lazorevskoe,aquarium,RU,,Q127282817
Gelendzhik Oceanarium,aquarium,RU,,Q128761431
Karelian Zoo,zoo,RU,https://kareliazoo.ru/fi/,Q104601172
Krasnodar Safari Park,zoo,RU,https://zoo93.ru/,Q109887602
Sakhalin Zoological and Botanical Park,zoo,RU,http://sakhalinzoo.ru,Q4409415
Utrish Dolphinarium,aquarium,RU,,Q4478983
Aspuddsparken,zoo,SE,http://www.stockholm.se/-/Serviceenhetsdetaljer/?enhet=1f094a52a8a94171bfa63f79782b4ac3,Q18287104
Gotland animal park,zoo,SE,https://gotlandsdjurpark.se,Q64503995
Nakhon Pathom Municipality Zoo,zoo,TH,,Q16304402
The Sixth Cycle Birthday Anniversary Celebration Aquarium,aquarium,TH,,Q123662912
Aqua Vega,aquarium,TR,http://www.aquavega.com.tr/,Q20470439
Sincan Zoo,zoo,TR,,Q137767184
Austin Aquarium,aquarium,US,http://www.austinaquarium.com/,Q14710319
Bear Hollow Zoo,zoo,US,https://www.accgov.com/bearhollow,Q113867110
Catoctin Wildlife Preserve and Zoo,zoo,US,http://www.cwpzoo.com/,Q5053833
Cedar Cove Feline Conservatory & Sanctuary,zoo,US,http://www.saveoursiberians.org,Q5056599
Chimp Haven,zoo,US,http://www.chimphaven.org/,Q5099439
Cohanzick Zoo,zoo,US,https://cohanzick-zoo.com/,Q17510352
Columbian Park Zoo,zoo,US,http://www.columbianparkzoo.org/,Q5149943
DeYoung Family Zoo,zoo,US,http://thedeyoungfamilyzoo.com,Q5244208
Great Cats World Park,zoo,US,,Q5598940
Griffith Park Zoo,zoo,US,,Q5608906
Hemker Park & Zoo,zoo,US,http://www.hemkerzoo.com,Q14692639
High Delta Safari Park,zoo,US,,Q5755305
Kentucky Reptile Zoo,zoo,US,http://www.kyreptilezoo.org/,Q6392336
Kewaunee County Bruemmer Park and Zoo,zoo,US,https://www.bruemmerparkzoo.com,Q16893287
Nature and Raptor Center of Pueblo,zoo,US,http://natureandraptor.org/,Q6980955
Oregon Undersea Gardens,aquarium,US,,Q85791197
OstrichLand USA,zoo,US,https://www.ostrichlandusa.com,Q118418235
Primarily Primates,zoo,US,http://www.primarilyprimates.org,Q7243052
Primate Rescue Center,zoo,US,,Q7243193
Riverside Park and Zoo,zoo,US,http://www.riversidediscoverycenter.org,Q7338572
Roscommon Zoo,zoo,US,,Q104866733
Sea Life at Mall of America,aquarium,US,,Q107292927
Shreveport Aquarium,aquarium,US,https://www.shreveportaquarium.com/,Q55641752
St. Augustine Aquarium,aquarium,US,,Q110443063
St. Lucie County Aquarium,aquarium,US,,Q28451057
Stapp's Circle S Ranch,zoo,US,http://www.stappscirclesranch.com,Q7600493
The Elephant Sanctuary,zoo,US,http://www.elephants.com/,Q7731759
The Mirage Aquarium,aquarium,US,https://www.mirage.com/en/amenities/aquarium.html,Q61840935
The Reptile Zoo,zoo,US,https://www.prehistoric-inc.square.site,Q118479876
Tupelo Buffalo Park and Zoo,zoo,US,http://www.tupelobuffalopark.com,Q7853507
Washington Park Zoo,zoo,US,https://www.washingtonparkzoo.com/,Q7972118
"Wild Animal Safari, Pine Mountain",zoo,US,https://animalsafari.com/georgia-park-home-about-us/,Q118278905
ZooQuarium,aquarium,US,,Q23018417
Zootah at Willow Park,zoo,US,https://zootah.org/,Q52809540
Tuan Chau Aquarium,zoo,VN,,Q7850623
Exotic Animal World,zoo,ZA,,Q108652547
Monkey Sanctuary,zoo,ZA,,Q138802901
Umgeni River Bird Park,zoo,ZA,http://www.umgeniriverbirdpark.co.za/,Q7881537
Munda Wanga Environmental Park,zoo,ZM,,Q59551749
The Lost Chambers aquarium,aquarium,AE,,Q124451882
Am Schüttel,zoo,AT,,Q130478436
Bribie Island Butterfly House,zoo,AU,,Q141606010
Cleland Wildlife Park,zoo,AU,https://www.clelandwildlifepark.sa.gov.au/,Q21929398
Waratah Park,zoo,AU,,Q60227907
Parc a Gibier de Saint-Hubert,zoo,BE,https://wallux.com/le-coin-gourmand-saint-hubert,Q63087627
Zoológico do Município de São Bernardo do Campo,zoo,BR,,Q56695186
Chimelong Spaceship,aquarium,CN,,Q137970396
Kunming Zoo,zoo,CN,https://zhuanlan.zhihu.com/p/676250743,Q137571107
Taizhou Ocean World,aquarium,CN,,Q134992292
Yunnan Wildlife Park,zoo,CN,https://zhuanlan.zhihu.com/p/650307809,Q137571140
Butterfly Conservatory,zoo,CR,,Q125954443
Monteverde Butterfly Gardens,zoo,CR,https://www.monteverdebutterflygardens.com/,Q141188929
Mazotos Camel Park,zoo,CY,,Q126883523
Farmapark Muchomůrka,zoo,CZ,http://www.farmapark-muchomurka.cz/,Q108545050
Filmtier-Park,zoo,DE,http://filmtierpark.de/,Q64174987
Tier- und Naturfreunde Schwanenteich,zoo,DE,https://tierfreunde-schwanenteich.de/,Q124056632
Tiergarten Am Tiergarten 28 in Nürnberg,zoo,DE,,Q98629590
Tiergehege am Goldenen Stern,zoo,DE,,Q134425513
Wildpark Schollbrunn,zoo,DE,https://www.schollbrunn.de/freizeit-tourismus/wildpark/,Q67201866
Zoo Schlichtweg 11 in München,zoo,DE,,Q98740653
Zoo Siebenbrunner Straße 6 in München,zoo,DE,,Q98740652
Croc Parc,zoo,FR,https://croc-parc.re/,Q3003136
Exotic Garden and Zoo of Sanary-Bandol,zoo,FR,https://www.zoaparc.com/,Q16645059
Réserve de Beaumarchais,zoo,FR,,Q3457123
Amazonia,zoo,GB,http://www.discoveramazonia.co.uk/,Q56754439
Manor Farm Park and Woodland,zoo,GB,https://www.manorfarm.info/,Q56838202
Pettitts Adventure Park,zoo,GB,https://www.pettittsadventurepark.co.uk/,Q139564439
The Menagerie Approximately 45 Metres to West of Burton Constable Hall,zoo,GB,,Q96278587
Dubrovnik Aquarium,aquarium,HR,,Q124025918
Lembang Park & Zoo,zoo,ID,,Q136031635
Suraloka Interactive Zoo,zoo,ID,https://suralokazoo.com/,Q136446602
acquario di Mezzani,aquarium,IT,,Q73006194
Falconry of Kenya,zoo,KE,,Q66092198
Rungna Dolphinarium,aquarium,KP,,Q107455617
Lemur Island,zoo,MG,,Q125961779
Firefly Valley Leisure Park,zoo,MY,,Q95708949
Audu Bako Zoo,zoo,NG,,Q109342221
Imo State Zoological Garden,zoo,NG,,Q109342315
Makurdi Zoo,zoo,NG,,Q135420902
OOPL wildlife park,zoo,NG,,Q108927358
Island Bay Marine Education Centre,aquarium,NZ,https://octopus.org.nz/,Q135092039
National Kiwi Centre,aquarium,NZ,https://thenationalkiwicentre.co.nz,Q99675884
Baja Wildlife Park,zoo,PK,,Q58061574
Dolphinarium,aquarium,RU,http://delfin-riviera.ru/,Q50435441
Dolphinarium in Rostov-on-Don,aquarium,RU,http://delfinary-rostov.ru/,Q30188290
Okeanarium in Lazorevskoe,aquarium,RU,,Q127282577
Tiger Kingdom Phuket,zoo,TH,,Q123162540
Sahara Zoo,zoo,TN,,Q97321288
Aikman Wildlife Adventure,zoo,US,,Q124156607
Monterey Zoo,zoo,US,https://montereyzoo.org/,Q80498212
Taylor Creek Stream Profile Chamber,aquarium,US,,Q101516319
UGA Marine Education Center and Aquarium,aquarium,US,https://gacoast.uga.edu/uga-aquarium/visit-us/,Q83968833
Giraffe House,zoo,ZA,,Q131412803
Natal Lion Park,zoo,ZA,,Q127425278
